Article title,Authors,Journal title,Volume,Issue,Pages,Volume year,DOI,Published online date,URL,Article views (as of 18-Jun-2025),Crossref citations (as of 18-Jun-2025)
The role of education in promoting circular economy,"Holuszko Maria, Nani Pajunen, Maija Tiippana-Usvasalo",International Journal of Sustainable Engineering,16,1,p92 - p103,2023,10.1080/19397038.2023.2210592,18-May-2023,https://doi.org/10.1080/19397038.2023.2210592,6590.0,15.0
Indicator development as a site of collective imagination? The case of European Commission policies on the circular economy,"Zora Kovacic, Roger Strand, Thomas Völker",Culture and Organization,26,2,p103 - p120,2020,10.1080/14759551.2019.1699092,12-Jan-2020,https://doi.org/10.1080/14759551.2019.1699092,7345.0,70.0
Mapping the first decade of circular economy research: a bibliometric network analysis,"Mohamad Alnajem, Ahmed R ElMelegy, Mohamed M Mostafa",Journal of Industrial and Production Engineering,38,1,p29 - p50,2021,10.1080/21681015.2020.1838632,27-Oct-2020,https://doi.org/10.1080/21681015.2020.1838632,1703.0,70.0
Transitions in planning: transformative policy visions of the circular economy and blue bioeconomy meet planning practice,"David Lazarevic, Jani Petteri Lukkarinen, Hanna Nieminen",European Planning Studies,31,1,p55 - p75,2023,10.1080/09654313.2022.2060706,05-Apr-2022,https://doi.org/10.1080/09654313.2022.2060706,5165.0,18.0
Analysis of the relations between circular economy and sustainable development goals,"M D M Alonso-Almeida, M S Celemín-Pedroche, J M Rodriguez-Anton, L Rubio-Andrada",International Journal of Sustainable Development & World Ecology,26,8,p708 - p720,2019,10.1080/13504509.2019.1666754,21-Sep-2019,https://doi.org/10.1080/13504509.2019.1666754,5389.0,181.0
Microalgae and circular economy: unlocking waste to resource pathways for sustainable development,"Telma Encarnação, Filomena Freitas, Bruna Santos, Abílio J F N Sobral",International Journal of Sustainable Engineering,18,1,,2025,10.1080/19397038.2025.2501488,14-May-2025,https://doi.org/10.1080/19397038.2025.2501488,443.0,0.0
The circular economy in Aotearoa New Zealand: a critical evaluation of policy and its current prospects,"Patrick Barrett, Shannon Hodge, Priya Kurian",Kōtuitui: New Zealand Journal of Social Sciences Online,,,p1 - p20,5187,10.1080/1177083x.2025.2504489,26-May-2025,https://doi.org/10.1080/1177083x.2025.2504489,200.0,0.0
Analysis of the degree of implementation of the circular economy in Europe and Spain,"Silvia M Andrade, María del Valle Fernández, José Manuel Robles, Marta Tolentino",Cogent Business & Management,12,1,,2025,10.1080/23311975.2025.2499668,05-May-2025,https://doi.org/10.1080/23311975.2025.2499668,386.0,0.0
Regional monitoring frameworks for the circular economy: implications from a territorial perspective,"Marco Bianchi, Mauro Cordella, Pierre Menger",European Planning Studies,31,1,p36 - p54,2023,10.1080/09654313.2022.2057185,28-Mar-2022,https://doi.org/10.1080/09654313.2022.2057185,3819.0,21.0
"Sustainable circular cities? Analysing urban circular economy policies in Amsterdam, Glasgow, and Copenhagen","Peppi Boesler, Martin Calisto Friant, Katie Reid, Roberta Salomone, Walter J V Vermeulen",Local Environment,28,10,p1331 - p1369,2023,10.1080/13549839.2023.2206643,10-May-2023,https://doi.org/10.1080/13549839.2023.2206643,10772.0,32.0
Towards a territorial definition of a circular economy: exploring the role of territorial factors in closed-loop systems,"Andrea M Bassi, Marco Bianchi, Georg Pallaske, Carlos Tapia",European Planning Studies,29,8,p1438 - p1457,2021,10.1080/09654313.2020.1867511,07-Jan-2021,https://doi.org/10.1080/09654313.2020.1867511,7746.0,55.0
A comparative analysis of the circular economy performances for European Union countries,"Gökçe Candan, Merve Cengiz Toklu",International Journal of Sustainable Development & World Ecology,29,7,p653 - p664,2022,10.1080/13504509.2022.2084794,06-Jun-2022,https://doi.org/10.1080/13504509.2022.2084794,1214.0,11.0
The development relationship between circular economy and advanced digital technology: based on an innovative literature review method,"Yang Du, Jun Xu, Xiao Yuan",Environmental Technology Reviews,13,1,p614 - p638,2024,10.1080/21622515.2024.2406988,28-Oct-2024,https://doi.org/10.1080/21622515.2024.2406988,240.0,4.0
Eco-innovations towards circular economy: evidence from case studies of collective methanization in France,"Danielle Galliano, Amélie Gonçalves, Pierre Triboulet",European Planning Studies,30,7,p1230 - p1250,2022,10.1080/09654313.2021.1902947,21-Mar-2021,https://doi.org/10.1080/09654313.2021.1902947,489.0,16.0
Conceptualizing core aspects of circular economy in soil: A critical review and analysis,"Mauricio R Cherubin, Damien J Field, Budiman Minasny, Chukwudi Nwaogu",Critical Reviews in Environmental Science and Technology,55,11,p805 - p835,2025,10.1080/10643389.2025.2454689,26-Jan-2025,https://doi.org/10.1080/10643389.2025.2454689,351.0,0.0
6. Policy recommendations for facilitating an urban and regional circular economy,"Marcin Dąbrowski, Joanna Williams, Ellen van Bueren, Karel van den Berghe",Regional Studies Policy Impact Books,6,1,p99 - p108,2024,10.1080/2578711x.2024.2418236,17-Dec-2024,https://doi.org/10.1080/2578711x.2024.2418236,256.0,1.0
Sustainable Housing in a Circular Economy (1st edition),Yovita Aryani,Housing and Society,,,p1 - p3,5187,10.1080/08882746.2025.2461135,03-Feb-2025,https://doi.org/10.1080/08882746.2025.2461135,55.0,0.0
Making the circular economy online: a hyperlink analysis of the articulation of nutrient recycling in Finland,"Niko Humalisto, Helena Valve, Maria Åkerman",Environmental Politics,30,5,p833 - p853,2021,10.1080/09644016.2020.1817291,06-Sep-2020,https://doi.org/10.1080/09644016.2020.1817291,557.0,9.0
Circular economy in supply chain management: a framework for database tool development to enhance sustainability,"Petri Helo, Bening Mayanti",International Journal of Environmental Studies,81,4,p1962 - p1979,2024,10.1080/00207233.2024.2350757,08-May-2024,https://doi.org/10.1080/00207233.2024.2350757,2172.0,1.0
When hope messages become the discursive norm: how repertoires of hope shape communicative capacity in conversations on the circular economy,"Hanna Bergeå, Lars Hallgren, Malte B Rödl, Therese Åhlvik",Journal of Environmental Planning and Management,67,9,p2017 - p2034,2024,10.1080/09640568.2023.2270144,26-Oct-2023,https://doi.org/10.1080/09640568.2023.2270144,878.0,4.0
Influencer strategies and consignment policy optimisation: paving the way for a sustainable circular economy in a clean world,"Eya Kalboussi, Nadia Ndhaief, Nidhal Rezg, Imen Sakji",International Journal of Production Research,,,p1 - p25,5187,10.1080/00207543.2025.2498686,15-May-2025,https://doi.org/10.1080/00207543.2025.2498686,70.0,0.0
A circular economy use of waste wood sawdust for wood plastic composite production: effect of bio-plasticiser on the toughness,"Phisut Naknaen, Borwon Narupai, Nawadon Petchwattana",International Journal of Sustainable Engineering,13,5,p398 - p410,2020,10.1080/19397038.2019.1688422,14-Nov-2019,https://doi.org/10.1080/19397038.2019.1688422,2006.0,24.0
The heart and soil of value-based business: emerging circular business network and vernacular accountings,Timo Heikkilä,Accounting Forum,47,4,p614 - p645,2023,10.1080/01559982.2023.2185851,30-Mar-2023,https://doi.org/10.1080/01559982.2023.2185851,1836.0,2.0
Circularities in territories: opportunities & challenges,"Sebastien Bourdin, Danielle Galliano, Amélie Gonçalves",European Planning Studies,30,7,p1183 - p1191,2022,10.1080/09654313.2021.1973174,15-Sep-2021,https://doi.org/10.1080/09654313.2021.1973174,3596.0,37.0
Accelerating innovation for the Dutch bioeconomy transition: the case of biobased asphalt,"Maged Elsamny, Alberto Gianoli",Journal of Environmental Planning and Management,66,1,p97 - p121,2023,10.1080/09640568.2021.1978406,06-Jan-2022,https://doi.org/10.1080/09640568.2021.1978406,1741.0,4.0
Transitioning to what? The role of genetic-engineering in New Zealand's (circular) bioeconomy debates,Valentina Dinica,Journal of Environmental Policy & Planning,23,2,p194 - p212,2021,10.1080/1523908x.2021.1893161,01-Mar-2021,https://doi.org/10.1080/1523908x.2021.1893161,1136.0,4.0
Open innovation for circular and sustainable business models: case evidence from the bioeconomy sector,"Juan I Dorrego-Viera, Erik G Hansen, Valentina Lazzarotti, Andrea Urbinati",Innovation,,,p1 - p39,5187,10.1080/14479338.2025.2506731,13-Jun-2025,https://doi.org/10.1080/14479338.2025.2506731,49.0,0.0
"Framing the Circular Bioeconomy in Ireland's Broadsheet Media, 2004-2019","Maeve Henchion, Luke Kelleher, Eoin O'Neill",Environmental Communication,15,5,p678 - p698,2021,10.1080/17524032.2021.1889632,06-Apr-2021,https://doi.org/10.1080/17524032.2021.1889632,2388.0,9.0
The urban bioeconomy: extracting value from the ecological and biophysical,"Nick Taylor Buck, Aidan While",Journal of Environmental Planning and Management,64,2,p182 - p201,2021,10.1080/09640568.2020.1763931,13-Jul-2020,https://doi.org/10.1080/09640568.2020.1763931,779.0,16.0
Narrating plastics governance: policy narratives in the European plastics strategy,"Jacob Hasselbalch, Karl Holmberg, Tobias Dan Nielsen, Ellen Palm",Environmental Politics,31,3,p365 - p385,2022,10.1080/09644016.2021.1915020,29-Apr-2021,https://doi.org/10.1080/09644016.2021.1915020,9028.0,37.0
New Zealand's transition attempts to a more sustainable economy: political statements and governance realities,Valentina Dinica,Political Science,73,2,p181 - p214,2021,10.1080/00323187.2021.2019592,17-Feb-2022,https://doi.org/10.1080/00323187.2021.2019592,810.0,1.0
The circularity of the business model and the performance of bioeconomy firms: An interactionist business-environment model,"Alberto Alcalde-Calonge, Pablo Ruiz-Palomino, Francisco José Sáez-Martínez",Cogent Business & Management,9,1,,2022,10.1080/23311975.2022.2140745,04-Nov-2022,https://doi.org/10.1080/23311975.2022.2140745,3535.0,16.0
Transitioning opportunities for sub-Saharan Africa's small-scale urban pig farming towards a sustainable circular bioeconomy,"Cletos Mapiye, Munyaradzi Chris Marufu, Rebecca Mmamakgone Mathobela, Annelin Henriehetta Molotsi, Phillip Evert Strydom",International Journal of Agricultural Sustainability,22,1,,2024,10.1080/14735903.2024.2315918,27-Feb-2024,https://doi.org/10.1080/14735903.2024.2315918,1713.0,3.0
Lignin valorisation: Life Cycle Assessment (LCA) considerations for enabling Circular Bioeconomy,"Paris A Fokaides, Phoebe-Zoe Georgali, Michalis Koutinas, Angeliki Kylili",International Journal of Sustainable Energy,42,1,p1008 - p1027,2023,10.1080/14786451.2023.2250869,31-Aug-2023,https://doi.org/10.1080/14786451.2023.2250869,2678.0,7.0
Smart proteins as a new paradigm for meeting dietary protein sufficiency of India: a critical review on the safety and sustainability of different protein sources,"Aditi Guleria, Raman Kumar, Yogendra S Padwad, Vidyashankar Srivatsan, Sudesh Kumar Yadav",Critical Reviews in Food Science and Nutrition,,,p1 - p50,5187,10.1080/10408398.2024.2367564,16-Jul-2024,https://doi.org/10.1080/10408398.2024.2367564,1136.0,4.0
Technology development as a tool towards circularity: a research agenda,"Sara Alonso-Muñoz, Fernando-Enrique García-Muiña, Rocío González-Sánchez, María-Sonia Medina-Salgado",Economic Research-Ekonomska Istraživanja,36,2,,2023,10.1080/1331677x.2022.2142636,28-Dec-2022,https://doi.org/10.1080/1331677x.2022.2142636,1104.0,4.0
End-of-waste life: Inventory of alternative end-of-use recirculation routes of bio-based plastics in the European Union context,"Demetres Briassoulis, Miltiadis Hiskakis, Anastasia Pikasi",Critical Reviews in Environmental Science and Technology,49,20,p1835 - p1892,2019,10.1080/10643389.2019.1591867,27-Mar-2019,https://doi.org/10.1080/10643389.2019.1591867,1672.0,46.0
4. Implementing the circular bioeconomy in metropolitan regions,Joanna Williams,Regional Studies Policy Impact Books,6,1,p61 - p79,2024,10.1080/2578711x.2024.2418233,17-Dec-2024,https://doi.org/10.1080/2578711x.2024.2418233,113.0,0.0
Actor perceptions and network characteristics around climate-wise housing and construction in Finland,"Vesa Kanninen, Katja Lähtinen, Selja Ryöppy, Anne Toppinen",Building Research & Information,,,p1 - p16,5187,10.1080/09613218.2024.2376251,24-Jul-2024,https://doi.org/10.1080/09613218.2024.2376251,775.0,1.0
Valorization of dragon fruit waste to value-added bioproducts and formulations: A review,"Kavya Dashora, Deepti Diwan, James Gaffey, Sanjay Guleria, Vijai K Gupta, Quang D Nguyen, Ashok Pandey, Neelam Pathak, Minaxi Sharma, Amritesh Chandra Shukla, Manikant Tripathi, Sunita Varjani",Critical Reviews in Biotechnology,44,6,p1061 - p1079,2024,10.1080/07388551.2023.2254930,24-Sep-2023,https://doi.org/10.1080/07388551.2023.2254930,830.0,11.0
Narratives of fungal-based materials for a new bioeconomy era,"Nora Delvendahl, Hans-Liudger Dienel, Nina Langen, Vera Meyer, Martin Schlecht, Jennifer Zimmermann",Innovation: The European Journal of Social Science Research,36,1,p96 - p106,2023,10.1080/13511610.2022.2110453,08-Dec-2022,https://doi.org/10.1080/13511610.2022.2110453,694.0,4.0
Algae- a self-sustaining closed loop ecosystem as a resilient solution to future energy needs,"Avinash Kshitij, Shreya",International Journal of Green Energy,,,p1 - p33,5187,10.1080/15435075.2025.2516037,18-Jun-2025,https://doi.org/10.1080/15435075.2025.2516037,0.0,0.0
Valorisation of macroalgae for biofuels in Indonesia: an integrated biorefinery approach,"Elviliana, Mochammad Agus Junaidi, Lynsey Melville, Irnia Nurika, Martasari Beti Pangestuti, Roshni Paul, Nur Lailatul Rahmah, Novita Ainur Rohma, Sri Suhartini",Environmental Technology Reviews,13,1,p269 - p304,2024,10.1080/21622515.2024.2336894,12-Apr-2024,https://doi.org/10.1080/21622515.2024.2336894,2489.0,3.0
Impact of reactor configuration and relative operating conditions on volatile fatty acids production from organic waste,"Renato Iannelli, Antonio Panico, Isabella Pecorini, Elena Rossi",Environmental Technology Reviews,11,1,p156 - p186,2022,10.1080/21622515.2022.2139641,07-Nov-2022,https://doi.org/10.1080/21622515.2022.2139641,147.0,3.0
The most important technologies and highlights for biogas production worldwide,"Kelly Johana Dussan, Luana Cardoso Grangeiro, Brenda Clara Gomes Rodrigues, Arnaldo Sarti, Bruna Sampaio de Mello",Journal of the Air & Waste Management Association,75,2,p87 - p108,2025,10.1080/10962247.2024.2393192,24-Jan-2025,https://doi.org/10.1080/10962247.2024.2393192,518.0,4.0
Sustainable strategies for anaerobic digestion of oil palm empty fruit bunches in Indonesia: a review,"Nur Hidayat, Lynsey Melville, Irnia Nurika, Martasari Beti Pangestuti, Roshni Paul, Novita Ainur Rohma, Sri Suhartini, Reny Nurul Utami",International Journal of Sustainable Energy,41,11,p2044 - p2096,2022,10.1080/14786451.2022.2130923,14-Oct-2022,https://doi.org/10.1080/14786451.2022.2130923,4645.0,10.0
Territorial governance and actors' coordination in a local project of anaerobic digestion. A social network analysis,"Sébastien Bourdin, Amadou Niang, André Torre",European Planning Studies,30,7,p1251 - p1270,2022,10.1080/09654313.2021.1891208,24-Feb-2021,https://doi.org/10.1080/09654313.2021.1891208,415.0,18.0
Upscaling bio-based construction: challenges and opportunities,"Stephen Allen, Valeria Cascione, Barrie Dams, Dan Maskell, Andrew Shea, Pete Walker",Building Research & Information,51,7,p764 - p782,2023,10.1080/09613218.2023.2204414,30-Apr-2023,https://doi.org/10.1080/09613218.2023.2204414,8987.0,32.0
"Advances in polymer composites, manufacturing, recycling, and sustainable practices","Prashant Paraye, R M Sarviya",Polymer-Plastics Technology and Materials,63,11,p1474 - p1497,2024,10.1080/25740881.2024.2339295,13-Apr-2024,https://doi.org/10.1080/25740881.2024.2339295,816.0,5.0
"Combinatorial perspective on ideas, concepts, and policy change","Ari Jokinen, Erkki-Jussi Nylén",Environmental Politics,32,2,p338 - p361,2023,10.1080/09644016.2022.2075154,17-May-2022,https://doi.org/10.1080/09644016.2022.2075154,1532.0,2.0
Wood-products value-chain mapping,"Eva Haviarova, Manja Kitek Kuzman, Jue Mo",Wood Material Science & Engineering,19,4,p955 - p965,2024,10.1080/17480272.2024.2328787,25-Mar-2024,https://doi.org/10.1080/17480272.2024.2328787,3242.0,5.0
Policy risks in the biogas sector - the case of Sweden,"Stefan Anderberg, Marcus Gustafsson, Xiuyue Shan",Biofuels,16,3,p292 - p306,2025,10.1080/17597269.2024.2417452,19-Oct-2024,https://doi.org/10.1080/17597269.2024.2417452,723.0,0.0
Green Protocols for the Isolation of Carbohydrates from Vineyard Vine-Shoot Waste,"Oana Cadar, Diana Elena Dumitras, Eniko Kovacs, Cecilia Roman, Daniela Alexandra Scurtu, Lacrimioara Senila",Analytical Letters,54,1-2,p70 - p87,2021,10.1080/00032719.2020.1721001,03-Feb-2020,https://doi.org/10.1080/00032719.2020.1721001,279.0,8.0
Initiatives and barriers for green transition in peripheral regions: path tracing and agentic orientations in the bioeconomy of Norway,"Synne Bråten, Trond Nilsen, Gunhild Wedum","Regional Studies, Regional Science",12,1,p287 - p305,2025,10.1080/21681376.2025.2476627,24-Mar-2025,https://doi.org/10.1080/21681376.2025.2476627,504.0,0.0
Materials biography as a tool for designers' exploration of bio-based and bio-fabricated materials for the sustainable fashion industry,"Bruna Petreca, Barbara Pollini, Valentina Rognoli, Carmem Saito","Sustainability: Science, Practice and Policy",18,1,p749 - p772,2022,10.1080/15487733.2022.2124740,25-Oct-2022,https://doi.org/10.1080/15487733.2022.2124740,9449.0,18.0
Spent substrate from mushroom cultivation: exploitation potential toward various applications and value-added products,"Georgios Koutrotsios, Carlos Martín, Knut Olav Strætkvern, Shaojun Xiong, Georgios I Zervakis",Bioengineered,14,1,,2023,10.1080/21655979.2023.2252138,05-Sep-2023,https://doi.org/10.1080/21655979.2023.2252138,9389.0,44.0
"The 'One Nutrition' approach: connecting crop production, animal nutrition and human nutrition","Donata Maria Iolanda Renata Cattaneo, Federica Cheli, Camilla Govoni, Luciano Pinotti, Prebin Premarajan, Maria Cristina Rulli",Italian Journal of Animal Science,24,1,p978 - p987,2025,10.1080/1828051x.2025.2488956,17-Apr-2025,https://doi.org/10.1080/1828051x.2025.2488956,411.0,0.0
Agency in green path development: Circular bioeconomy in the wastewater sector,"Sigrid Damman, Henrik Brynthe Lund, Tuukka Mäkitie",Norsk Geografisk Tidsskrift - Norwegian Journal of Geography,78,3,p135 - p147,2024,10.1080/00291951.2024.2346324,31-May-2024,https://doi.org/10.1080/00291951.2024.2346324,582.0,2.0
Unlocking the Potential of Pongamia pinnata: A Scoping Review and Bibliometric Analysis (ScoRBA) Guided by the PAGER Framework,"Adnan Adnan, Aam Aminah, Lili Anggraini, Deddy Dwi Nur Cahyono, Danu Danu, Dharmawati Djam'an, Rantan Krisnan, Abdul Hakim Lukman, Novia Qomariyah, Eliya Suita, Supatmi Supatmi, Dida Syamsuwida",Forest Science and Technology,,,p1 - p23,5187,10.1080/21580103.2025.2512209,04-Jun-2025,https://doi.org/10.1080/21580103.2025.2512209,406.0,0.0
A Comprehensive Review of Fish Protein Hydrolysates Targeting Pet Food Formulations,"Tiago Aires, André Almeida, Lillian Barros, Ana R J Cabrita, Cristina Caleja, António J M Fonseca, Margarida R G Maia, Bianca Marques, Rui Martins, Maria J Mota, Manuela Pintado, Tânia Bragança Ribeiro, Cristina M R Rocha, Ana Rosa, José A Teixeira",Food Reviews International,41,5,p1321 - p1359,2025,10.1080/87559129.2024.2430660,24-Nov-2024,https://doi.org/10.1080/87559129.2024.2430660,426.0,1.0
Databases for biomass and waste biorefinery - a mini-review and SWOT analysis,"Elina Dace, Morgen Mukamwi, Raimonda Soloha, Tosin Somorin",Bioengineered,14,1,,2023,10.1080/21655979.2023.2286722,29-Nov-2023,https://doi.org/10.1080/21655979.2023.2286722,1568.0,3.0
Microbial torularhodin - a comprehensive review,"Maria Gonzalez-Miquel, Cassamo U Mussagy, Jorge F B Pereira, Valeria C Santos-Ebinuma",Critical Reviews in Biotechnology,43,4,p540 - p558,2023,10.1080/07388551.2022.2041540,17-Apr-2022,https://doi.org/10.1080/07388551.2022.2041540,798.0,22.0
The key role of the agribusiness and biotechnology sectors in constructing the economic imaginary of the bioeconomy in Argentina,Anne Tittor,Journal of Environmental Policy & Planning,23,2,p213 - p226,2021,10.1080/1523908x.2021.1893162,01-Mar-2021,https://doi.org/10.1080/1523908x.2021.1893162,413.0,13.0
Place leadership and the challenge of transformation: policy platforms and innovation ecosystems in promotion of green growth,"Markku Sotarauta, Nina Suvinen",European Planning Studies,27,9,p1748 - p1767,2019,10.1080/09654313.2019.1634006,26-Jun-2019,https://doi.org/10.1080/09654313.2019.1634006,1891.0,43.0
Drivers for adopting circular bio-based building materials to facilitate a circular transition: a case of a developed economy,"Quan T Nguyen, Chiara Piccardo, Roberta Salomone, Alexis Versele, Dinh Linh le",Journal of Environmental Planning and Management,,,p1 - p27,5187,10.1080/09640568.2025.2475448,19-Mar-2025,https://doi.org/10.1080/09640568.2025.2475448,165.0,0.0
Mapping the intellectual structure of green economy and sustainability: a bibliometric analysis of global research trends and policies,"Ali Imtiaz, Abdul Raheel, Fahad Sabah, Raheem Sarwar, Muhammad Farukh Shahzad, Chi Yuanying",Cogent Economics & Finance,13,1,,2025,10.1080/23322039.2025.2507135,23-May-2025,https://doi.org/10.1080/23322039.2025.2507135,264.0,0.0
Innovation in the bioeconomy - dynamics of biorefinery innovation networks,"Fredric Bauer, Teis Hansen, Hans Hellsmark",Technology Analysis & Strategic Management,30,8,p935 - p947,2018,10.1080/09537325.2018.1425386,19-Jan-2018,https://doi.org/10.1080/09537325.2018.1425386,1038.0,43.0
Regional state innovation in peripheral regions: enabling Lapland's green policies,"Diana Morales, Laura Sariego-Kluge","Regional Studies, Regional Science",8,1,p54 - p64,2021,10.1080/21681376.2021.1882882,18-Feb-2021,https://doi.org/10.1080/21681376.2021.1882882,3031.0,11.0
The role of scientists in regional innovation system transformation: shaping the direction to a biomass-bioeconomy,Alessio Giustolisi,Industry and Innovation,,,p1 - p24,5187,10.1080/13662716.2024.2400978,16-Sep-2024,https://doi.org/10.1080/13662716.2024.2400978,1171.0,1.0
The use of technological innovation in bio-based industries to foster growth in the bioeconomy: a South African perspective,"Bhekisisa Dlamini, Edwin Hlangwani, Leon Matsuro, Keleabetswe Lerato Mpye","Sustainability: Science, Practice and Policy",19,1,,2023,10.1080/15487733.2023.2200300,16-May-2023,https://doi.org/10.1080/15487733.2023.2200300,2219.0,3.0
Fungal bioprocessing for circular bioeconomy: Exploring lignocellulosic waste valorization,"Sunny Dhiman, Pardeep Kaur, Sukhminderjit Kaur, Gunjan Mukherjee, Jasjeet Narang, Babita Thakur, Manikant Tripathi",Mycology,15,4,p538 - p563,2024,10.1080/21501203.2024.2316824,18-Mar-2024,https://doi.org/10.1080/21501203.2024.2316824,2838.0,12.0
Smart specialization and participatory processes in green path renewal. Analysis of the forest-based bioeconomy in sparsely populated regions in the Nordics,"Margareta Dahlström, Diana Morales",European Planning Studies,31,8,p1734 - p1753,2023,10.1080/09654313.2022.2106120,05-Aug-2022,https://doi.org/10.1080/09654313.2022.2106120,1718.0,5.0
Optimization of Solid-State Fermentation Conditions With Mixed Strains Using Box-Behnken Design for the Production of brewers' Spent Grain Protein,"Adriana Cunha Neves, Ariane Perez-Gavilan, Jiao Zhang",Journal of the American Society of Brewing Chemists,82,4,p468 - p479,2024,10.1080/03610470.2024.2325748,18-Apr-2024,https://doi.org/10.1080/03610470.2024.2325748,282.0,3.0
Bioengineered biochar as smart candidate for resource recovery toward circular bio-economy: a review,"Parameswaran Binod, Shasha Guo, Mukesh Kumar Awasthi, Vinay Kumar, Hong Liu, Ashok Pandey, Surendra Sarsaiya, Raveendran Sindhu, Ping Xu, Vivek Yadav, Zengqiang Zhang",Bioengineered,12,2,p10269 - p10301,2021,10.1080/21655979.2021.1993536,11-Dec-2021,https://doi.org/10.1080/21655979.2021.1993536,5074.0,47.0
Commentary: Global Environmental Issues and the Circular Bioeconomy,"Mark Rudnicki, Robert Smith",The Science Teacher,87,8,p10 - p11,2020,10.1080/00368555.2020.12293524,26-Sep-2023,https://doi.org/10.1080/00368555.2020.12293524,10.0,0.0
Transformative change and policy-making: the case of bioeconomy policies in the EU frontrunners and lessons for latecomers,"Erkki Karo, Margit Kirs, Kadri Ukrainski",Innovation: The European Journal of Social Science Research,35,4,p514 - p546,2022,10.1080/13511610.2021.2003186,29-Nov-2021,https://doi.org/10.1080/13511610.2021.2003186,589.0,10.0
News and Views,,Scandinavian Journal of Forest Research,34,4,p329 - p332,2019,10.1080/02827581.2019.1607350,23-Apr-2019,https://doi.org/10.1080/02827581.2019.1607350,14.0,0.0
"A comparative analysis of bioeconomy visions and pathways based on stakeholder dialogues in Colombia, Rwanda, Sweden, and Thailand","May Thazin Aung, Rob Bailis, Nella Canales, Matthew Fielding, Ganna Gladkykh, Francis Xavier Johnson, Mbeo Ogeya, Olle Olsson",Journal of Environmental Policy & Planning,24,6,p680 - p700,2022,10.1080/1523908x.2022.2037412,18-Feb-2022,https://doi.org/10.1080/1523908x.2022.2037412,3330.0,15.0
Is bioeconomy policy a policy field? A conceptual framework and findings on the European Union and Germany,"Katrin Beer, Michael Böcher, Annette Elisabeth Töller, Thomas Vogelpohl",Journal of Environmental Policy & Planning,23,2,p152 - p164,2021,10.1080/1523908x.2021.1893163,01-Mar-2021,https://doi.org/10.1080/1523908x.2021.1893163,982.0,25.0
Models for analysing the dependencies between indicators for bioeconomy in the European Union,"Alina Mihaela Dima, Maria Alexandra Maassen, Adrian Tantau",Economic Research-Ekonomska Istraživanja,35,1,p3533 - p3550,2022,10.1080/1331677x.2021.1997623,06-Jan-2022,https://doi.org/10.1080/1331677x.2021.1997623,958.0,1.0
News and Views,,Scandinavian Journal of Forest Research,32,3,p268 - p271,2017,10.1080/02827581.2017.1289625,08-Feb-2017,https://doi.org/10.1080/02827581.2017.1289625,25.0,0.0
A framework of the bioeconomy as a competitive strategy for sustainable development,Kwaku Ahenkora,Sustainable Environment,11,1,,2025,10.1080/27658511.2025.2487729,11-Apr-2025,https://doi.org/10.1080/27658511.2025.2487729,357.0,0.0
Mapping Finland's regional forest bioeconomy plans,"Fredric Mosley, Jo van Brusselen",Scandinavian Journal of Forest Research,39,1,p20 - p29,2024,10.1080/02827581.2023.2282087,21-Nov-2023,https://doi.org/10.1080/02827581.2023.2282087,165.0,2.0
Policy support for disruptive innovation in the life sciences,"Joyce Tait, David Wield",Technology Analysis & Strategic Management,33,3,p307 - p319,2021,10.1080/09537325.2019.1631449,17-Jun-2019,https://doi.org/10.1080/09537325.2019.1631449,1099.0,10.0
Reshaping forest management in Australia to provide nature-based solutions to global challenges,"B Freeman, M Freeman, W Jackson, H Parry-Husbands",Australian Forestry,84,2,p50 - p58,2021,10.1080/00049158.2021.1894383,15-Mar-2021,https://doi.org/10.1080/00049158.2021.1894383,3439.0,9.0
Reconsidering actor roles in regional innovation systems: transformative industrial change in the forest-based bioeconomy,"Margareta Dahlström, Ida Grundel, Hanna Martin",Regional Studies,57,9,p1636 - p1648,2023,10.1080/00343404.2022.2151581,03-Jan-2023,https://doi.org/10.1080/00343404.2022.2151581,2820.0,9.0
Transitioning the Chemical Industry: Elements of a Roadmap Toward Sustainable Chemicals and Materials,"Stephanie Baima, Ken Geiser, Joel A Tickner",Environment: Science and Policy for Sustainable Development,64,2,p22 - p36,2022,10.1080/00139157.2022.2021793,28-Feb-2022,https://doi.org/10.1080/00139157.2022.2021793,3106.0,9.0
Non-energetic application of carbon-rich torrefied biomass in the bioeconomy: a review,"Andrzej Białowiec, Tom Causer, Daniel E Ciolkosz, David B DeVallance, Leonel J R Nunes, Jaya Tripathi",Biofuels,15,4,p389 - p405,2024,10.1080/17597269.2023.2250974,28-Aug-2023,https://doi.org/10.1080/17597269.2023.2250974,390.0,6.0
Patterns of European bioeconomy policy. Insights from a cross-case study of three policy areas,"Katrin Beer, Michael Böcher, Benjamin Ewert, Daniela Perbandt, Annette Elisabeth Töller, Thomas Vogelpohl",Environmental Politics,31,3,p386 - p406,2022,10.1080/09644016.2021.1917827,22-Apr-2021,https://doi.org/10.1080/09644016.2021.1917827,1039.0,19.0
EDITORIAL - ENZITEC Special Edition 2018 Prospects for bioeconomy and biorefineries development - Challenges and innovations in enzymatic processes,"Sílvio César Chaves Alves, Jürgen Andreaus, Marco Di Luccio, Jacinto Alves Gonçalves, Helen Treichel, Débora de Oliveira",Biocatalysis and Biotransformation,39,5,p343 - p345,2021,10.1080/10242422.2021.1951256,09-Jul-2021,https://doi.org/10.1080/10242422.2021.1951256,125.0,0.0
"""Being one of the boys"": perspectives from female forest industry leaders on gender diversity and the future of Nordic forest-based bioeconomy","G Baublyte, D D'Amato, J Korhonen, A Toppinen",Scandinavian Journal of Forest Research,34,6,p521 - p528,2019,10.1080/02827581.2019.1598484,16-Apr-2019,https://doi.org/10.1080/02827581.2019.1598484,903.0,24.0
Technology and innovation management methodology for the development of recyclable bioplastics from organic waste,"Juan Carlos Posada C, Santiago Quiceno Ciro, William Urrego Yepes, Alejandro Valencia-Arias",Cogent Engineering,11,1,,2024,10.1080/23311916.2024.2345524,20-May-2024,https://doi.org/10.1080/23311916.2024.2345524,843.0,1.0
Regional bioeconomies: public finance and sustainable policy narratives,"Moritz Albrecht, Ida Grundel, Diana Morales","Geografiska Annaler: Series B, Human Geography",103,2,p116 - p132,2021,10.1080/04353684.2021.1921603,04-May-2021,https://doi.org/10.1080/04353684.2021.1921603,2815.0,25.0
Building dynamic capabilities in the transition toward a knowledge-based bioeconomy: a case study of three Finnish regions,Valtteri Laasonen,Regional Studies,58,6,p1308 - p1319,2024,10.1080/00343404.2023.2249499,25-Sep-2023,https://doi.org/10.1080/00343404.2023.2249499,1496.0,5.0
Perspectives on the bioeconomy as an emerging policy field,"Annette Elisabeth Töller, Thomas Vogelpohl",Journal of Environmental Policy & Planning,23,2,p143 - p151,2021,10.1080/1523908x.2021.1901394,16-Mar-2021,https://doi.org/10.1080/1523908x.2021.1901394,4169.0,33.0
Transformation of socioeconomic metabolism due to development of the bioeconomy: the case of northern Aube (France),"Sabrina Dermine-Brullot, Julie Fleuet, Philippe Lescoat, Sophie Madelrieux, Pauline Marty",European Planning Studies,30,7,p1212 - p1229,2022,10.1080/09654313.2021.1889475,22-Feb-2021,https://doi.org/10.1080/09654313.2021.1889475,261.0,7.0
How national bioeconomy strategies address governance challenges arising from forest-related trade-offs,"Eva Lieberherr, Tobias Schulz, Astrid Zabel",Journal of Environmental Policy & Planning,24,1,p123 - p136,2022,10.1080/1523908x.2021.1967731,22-Aug-2021,https://doi.org/10.1080/1523908x.2021.1967731,2238.0,14.0
Bibliometric analysis of sustainable business performance: where are we going? A science map of the field,Cristina Bota-Avram,Economic Research-Ekonomska Istraživanja,36,1,p2137 - p2176,2023,10.1080/1331677x.2022.2096094,12-Jul-2022,https://doi.org/10.1080/1331677x.2022.2096094,5215.0,28.0
Agriculture's Contribution to the Growth of Romanian Bioeconomy: A Regional Approach,"Emilia Mary Bălan, Laura Mariana Cismaș",Eastern European Economics,61,4,p403 - p419,2023,10.1080/00128775.2022.2058552,04-Apr-2022,https://doi.org/10.1080/00128775.2022.2058552,234.0,6.0
What does an inclusive bioeconomy mean for primary producers? An analysis of European bioeconomy strategies,"Philipp Grundmann, Hyunjin Park",Journal of Environmental Policy & Planning,25,3,p225 - p241,2023,10.1080/1523908x.2022.2094353,06-Jul-2022,https://doi.org/10.1080/1523908x.2022.2094353,2418.0,12.0
Agroecology and circular food systems: decoupling natural resource use from rural development in sub-Saharan Africa?,"Henning Bjornlund, Martin Moyo, Angeline Mujeyi, Karen Parry, Jamie Pittock, Andre van Rooyen",International Journal of Water Resources Development,41,2,p489 - p511,2025,10.1080/07900627.2024.2449224,29-Jan-2025,https://doi.org/10.1080/07900627.2024.2449224,1141.0,1.0
Harnessing the power of tidal flat diatoms to combat climate change,"Jana Asselman, Stephen Depuydt, Thomas Friedl, Taejun Han, Philippe M Heynderickx, Colin Janssen, Hojun Lee, Lalit K Pandey, Jihae Park, Joon Tae Park, Catharina J M Philippart, Jaime Pitarch, Frederik Ronsse, Koen Sabbe, Wim Vyverman, Di Wu, Wesley de Neve, Jonas de Saeger",Critical Reviews in Environmental Science and Technology,54,19,p1395 - p1416,2024,10.1080/10643389.2024.2315004,22-Feb-2024,https://doi.org/10.1080/10643389.2024.2315004,896.0,6.0
Special issue: 2023 EPS Jubilee Issue. Global heating and crisis mitigation,Philip Cooke,European Planning Studies,31,1,p1 - p13,2023,10.1080/09654313.2022.2133909,25-Oct-2022,https://doi.org/10.1080/09654313.2022.2133909,1055.0,2.0
Guanxi and innovation in China: insights from the (bio-based) construction sector,"Tim Becker, Sebastian Losacker, Yongmin Shang",Innovation and Development,,,p1 - p24,5187,10.1080/2157930x.2025.2518825,13-Jun-2025,https://doi.org/10.1080/2157930x.2025.2518825,71.0,0.0
Resilience and policy design in the emerging bioeconomy - the RPD framework and the changing role of energy crop systems in Germany,"Katrin Daedlow, Peter H Feindt, Maria Proestou",Journal of Environmental Policy & Planning,22,5,p636 - p652,2020,10.1080/1523908x.2020.1814130,06-Oct-2020,https://doi.org/10.1080/1523908x.2020.1814130,3198.0,14.0
Institutionalising environmental sustainability transitions in New Zealand and Australia: Introduction to the special issue,"Sam Crawley, Valentina Dinica",Political Science,73,2,p85 - p102,2021,10.1080/00323187.2022.2037440,12-Apr-2022,https://doi.org/10.1080/00323187.2022.2037440,1252.0,2.0
Mind the border! Agents and functions to shape regional challenge-oriented innovation policy,"Francesco Cappellano, Kieron Flanagan, Elvira Uyarra",European Planning Studies,32,8,p1671 - p1692,2024,10.1080/09654313.2024.2359660,05-Jun-2024,https://doi.org/10.1080/09654313.2024.2359660,254.0,1.0
The ongoing green industry shift in Helgeland: Historical developments and future-oriented green regional industry scenarios,"Suyash Jolly, Jarle Løvland, Åge Mariussen",Norsk Geografisk Tidsskrift - Norwegian Journal of Geography,78,3,p180 - p193,2024,10.1080/00291951.2024.2416414,06-Nov-2024,https://doi.org/10.1080/00291951.2024.2416414,600.0,1.0
Students' perception of bioeconomy as an important factor in communicating and further development of the bioeconomy in Slovakia and the Czech Republic,"Roman Dudík, Blanka Giertliová, Vilém Jarský, Lenka Marcineková Nee Navrátilová, Petra Palátová, Marcel Riedl, Jozef Výbošťok, Jaroslav Šálka",Scandinavian Journal of Forest Research,38,4,p265 - p274,2023,10.1080/02827581.2023.2211806,06-Jun-2023,https://doi.org/10.1080/02827581.2023.2211806,172.0,2.0
Towards inclusive innovation in the European context - the innovation capacity of alternative networks for sustainable agriculture,"Anna Maria Augustyn, Gusztáv Nemes",Innovation and Development,7,1,p133 - p152,2017,10.1080/2157930x.2017.1281221,31-Jan-2017,https://doi.org/10.1080/2157930x.2017.1281221,411.0,1.0
Market Research and SWOT Analysis for Fibers Composite Materials Usage in the Vehicular Components Supply Chain,"Ivana Cesarino, Luís Guilherme Leite Fernandes, Alcides Lopes Leão, Silvia Angélica Domingues de Carvalho, Guilherme de Oliveira Martins",Journal of Natural Fibers,21,1,,2024,10.1080/15440478.2024.2334409,01-Apr-2024,https://doi.org/10.1080/15440478.2024.2334409,1030.0,1.0
Implementing the transformative innovation policy in the European Union: how does transformative change occur in Member States?,Mattia Casula,European Planning Studies,30,11,p2178 - p2204,2022,10.1080/09654313.2021.2025345,22-Jan-2022,https://doi.org/10.1080/09654313.2021.2025345,1281.0,21.0
Policy entrepreneurship in collaborative governance: transformative innovation in Catalonia's sustainability transition,"Míriam Acebillo-Baqué, Alejandra Boni, Diana Velasco",Policy Design and Practice,,,p1 - p16,5187,10.1080/25741292.2025.2515732,09-Jun-2025,https://doi.org/10.1080/25741292.2025.2515732,236.0,0.0
"Environmental, social and governance (ESG) in agriculture: trends and gaps on research","Allan Dale, Yvette Everingham, Rachel Hay, Ana Carla Leite de Almeida, Stewart Lockie",Australasian Journal of Environmental Management,,,p1 - p30,5187,10.1080/14486563.2024.2430313,29-Nov-2024,https://doi.org/10.1080/14486563.2024.2430313,496.0,6.0
Private-sector innovation processes in development cooperation: perspectives from Finnish technology enterprises,Lauri Johannes Hooli,Innovation and Development,14,1,p7 - p24,2024,10.1080/2157930x.2021.1979719,29-Sep-2021,https://doi.org/10.1080/2157930x.2021.1979719,2932.0,3.0
Responsible innovation in start-ups: entrepreneurial perspectives and formalisation of social responsibility,"Vincent Blok, Elina Ketikidi, Mark Ryan, Simeon Veloudis",Journal of Responsible Innovation,12,1,,2025,10.1080/23299460.2025.2453251,30-Jan-2025,https://doi.org/10.1080/23299460.2025.2453251,966.0,1.0
The road ahead: narratives and imaginaries of the value of biodiversity in shaping bioeconomy policy in Colombia,Alberto Aparicio,"Tapuya: Latin American Science, Technology and Society",5,1,,2022,10.1080/25729861.2022.2059137,05-Jul-2022,https://doi.org/10.1080/25729861.2022.2059137,1869.0,2.0
Exploring Fungal Mycelium for Sustainable Food Solutions: From Biomass Utilization to Byproduct Innovation,Hosam Elhalis,Food Reviews International,,,p1 - p33,5187,10.1080/87559129.2025.2493734,30-Apr-2025,https://doi.org/10.1080/87559129.2025.2493734,335.0,0.0
(Re-)producing bioassemblages: positionalities of regional bioeconomy development in Finland,Moritz Albrecht,Local Environment,24,4,p342 - p357,2019,10.1080/13549839.2019.1567482,16-Jan-2019,https://doi.org/10.1080/13549839.2019.1567482,361.0,16.0
Studies of inclusive innovation in sociotechnical systems: case studies in Russia and India,Olga Ustyuzhantseva,Innovation and Development,7,1,p83 - p100,2017,10.1080/2157930x.2017.1281359,31-Jan-2017,https://doi.org/10.1080/2157930x.2017.1281359,221.0,5.0
Toward Net Negative Emissions: Green Hydrogen and Sustainable Solutions,Ganapati D Yadav,Drying Technology,43,3,p489 - p491,2025,10.1080/07373937.2025.2469367,26-Feb-2025,https://doi.org/10.1080/07373937.2025.2469367,364.0,0.0
The green-restructuring of clusters: investigating a biocluster's transition using a complex adaptive system model,"Aitziber Elola, Frans Hermans, Ram Kamath",European Planning Studies,31,9,p1842 - p1867,2023,10.1080/09654313.2022.2141054,06-Nov-2022,https://doi.org/10.1080/09654313.2022.2141054,1602.0,2.0
Understanding the interactions between biowaste valorisation and the Sustainable Development Goals: insights from an early transition stage,"Daniel Ddiba, Rebecka Ericsdotter Engström, Maryna Henrysson, Dilip Khatiwada, Katia Lasaridi, Viktoria Martin, Eftychia Ntostoglou",International Journal of Urban Sustainable Development,16,1,p53 - p72,2024,10.1080/19463138.2024.2319795,14-Mar-2024,https://doi.org/10.1080/19463138.2024.2319795,1267.0,3.0
Data-driven zero-carbon transition analysis in the industrial and manufacturing sectors: a world-regional perspective,"Viqi Ardaniah, Tat-Dat Bui, Mohammad Iranmanesh, Ming-Lang Tseng, Qinghua Zhu",International Journal of Logistics Research and Applications,27,12,p2426 - p2465,2024,10.1080/13675567.2023.2212622,13-May-2023,https://doi.org/10.1080/13675567.2023.2212622,515.0,5.0
The nexus between alternatives assessment and green chemistry: supporting the development and adoption of safer chemicals,"Molly Jacobs, Lindsey D Pollard, Rachel V Simon, Joel A Tickner, Saskia K van Bergen",Green Chemistry Letters and Reviews,14,1,p23 - p44,2021,10.1080/17518253.2020.1856427,12-Dec-2020,https://doi.org/10.1080/17518253.2020.1856427,5688.0,26.0
Contests of institutional framing: sectorial governance and the innovation of mass-produced Atlantic salmon,Finn Orstavik,Innovation and Development,7,1,p63 - p82,2017,10.1080/2157930x.2017.1281325,24-Jan-2017,https://doi.org/10.1080/2157930x.2017.1281325,215.0,2.0
The thorny road towards green path development: the case of bioplastics in Lower Austria,"Nikolaus Steinböck, Michaela Trippl","Regional Studies, Regional Science",10,1,p735 - p749,2023,10.1080/21681376.2023.2244572,29-Aug-2023,https://doi.org/10.1080/21681376.2023.2244572,1564.0,4.0
Data-driven on sustainable food supply chain: a comparison on Halal and non-Halal food system,"Tat-Dat Bui, Hien Minh Ha, Mohd Helmi Ali, Ming K Lim, Chun-Wei Lin, Thi Phuong Thuy Tran, Ming-Lang Tseng",Journal of Industrial and Production Engineering,39,6,p430 - p457,2022,10.1080/21681015.2022.2040622,15-Mar-2022,https://doi.org/10.1080/21681015.2022.2040622,905.0,19.0
Towards the development of a biobased economy in Europe and India,"Rob Bakker, Ludo Diels, Kathy Elst, Reeta Goel, Kees Kwant, Shilpi Misra, Abdul-Sattar Nizami, Deepak Pant, Mohammad Rehan, Priyangshu Sarma, Neeta Sharma, Silvia Tabacchioni, Rebecca van Leeuwen",Critical Reviews in Biotechnology,39,6,p779 - p799,2019,10.1080/07388551.2019.1618787,29-May-2019,https://doi.org/10.1080/07388551.2019.1618787,836.0,52.0
Innovation and future pathways in nature-based tourism - the outlook from an international expert panel,"Peter Fredman, Jan Vidar Haukeland, Kreg Lindberg, Dominik Siegrist, Liisa Tyrväinen",Loisir et Société / Society and Leisure,47,3,p563 - p579,2024,10.1080/07053436.2024.2423305,03-Dec-2024,https://doi.org/10.1080/07053436.2024.2423305,507.0,0.0
In vivo evidences of the health-promoting properties of bioactive compounds obtained from olive by-products and their use as food ingredient,"África Fernandez-Prior, Maria C Millan-Linares, Sergio Montserrat-De-La-Paz, Fernando Rivero-Pino, Alvaro Villanueva-Lazo",Critical Reviews in Food Science and Nutrition,,,p1 - p13,5187,10.1080/10408398.2023.2203229,25-Apr-2023,https://doi.org/10.1080/10408398.2023.2203229,471.0,8.0
Political influences on biotechnology-based innovation for European agriculture: risk-assessment and risk management,"Michele Mastroeni, James Mittra, Joyce Tait",Technology Analysis & Strategic Management,33,3,p271 - p282,2021,10.1080/09537325.2019.1573983,31-Jan-2019,https://doi.org/10.1080/09537325.2019.1573983,651.0,8.0
Challenge-driven innovation and responsible innovation: dynamics and disconnects explored through the UK's industrial biotechnology sector,"Susan Molyneux-Hodgson, Achim Rosemann",Journal of Responsible Innovation,10,1,,2023,10.1080/23299460.2023.2286762,07-Dec-2023,https://doi.org/10.1080/23299460.2023.2286762,974.0,3.0
Positioning the biofuel policy in the bioeconomy of the BioEast macro-region,"Ioannis Dimitriou, Biljana Kulišić, Blas Mola-Yudego",Biofuels,13,7,p833 - p842,2022,10.1080/17597269.2021.1984165,07-Oct-2021,https://doi.org/10.1080/17597269.2021.1984165,1302.0,5.0
Where innovation meets directionality: an index to measure regional readiness to deal with societal challenges,"Francesco Cappellano, Nicola Francesco Dotti, Teemu Makkonen, Arnault Morisson, Annalisa Rizzo",European Planning Studies,30,8,p1549 - p1576,2022,10.1080/09654313.2021.1976114,15-Sep-2021,https://doi.org/10.1080/09654313.2021.1976114,915.0,15.0
Deconstructing the attractiveness of biocluster imaginaries,"Frans Hermans, Kerstin Wilde",Journal of Environmental Policy & Planning,23,2,p227 - p242,2021,10.1080/1523908x.2021.1891872,05-Mar-2021,https://doi.org/10.1080/1523908x.2021.1891872,1928.0,11.0
Biodigital technologies and the bioeconomy: The Global New Green Deal?,"Sarah Hayes, Petar Jandrić, Michael A Peters",Educational Philosophy and Theory,55,3,p251 - p260,2023,10.1080/00131857.2020.1861938,11-Jan-2021,https://doi.org/10.1080/00131857.2020.1861938,4442.0,25.0
"Organisational Innovation Systems for multi-actor co-innovation in European agriculture, forestry and related sectors: Diversity and common attributes","Szabolcs Biró, Evelien Cronin, Andrew F Fieldsend, Elke Rogge, Eszter Varga",NJAS: Wageningen Journal of Life Sciences,92,1,p1 - p11,2020,10.1016/j.njas.2020.100335,18-Jun-2021,https://doi.org/10.1016/j.njas.2020.100335,1701.0,26.0
The Big Push for Sustainability,Camila Gramkow,NACLA Report on the Americas,52,2,p186 - p191,2020,10.1080/10714839.2020.1768742,09-Jun-2020,https://doi.org/10.1080/10714839.2020.1768742,287.0,3.0
New strategies for sustainable growth in European Economies,"Cristina Badarau, Aneta Chodakowska, Kamilla Marchewka-Bartkowiak, Dimitrios Paparas",Eastern European Economics,61,4,p311 - p317,2023,10.1080/00128775.2023.2173610,31-Jan-2023,https://doi.org/10.1080/00128775.2023.2173610,222.0,0.0
Feminist critique of bioeconomies: paradigm struggles toward a caring economy,Christa Wichterich,"Sustainability: Science, Practice and Policy",21,1,,2025,10.1080/15487733.2024.2435646,20-Dec-2024,https://doi.org/10.1080/15487733.2024.2435646,833.0,0.0
The embedding of universities in innovation ecosystems: The case of marine research at the University of Bergen,"Arnt Fløysand, Douglas K R Robinson, Antoine Schoen, Randi Elisabeth Taxt",Norsk Geografisk Tidsskrift - Norwegian Journal of Geography,76,1,p42 - p60,2022,10.1080/00291951.2022.2041718,06-Mar-2022,https://doi.org/10.1080/00291951.2022.2041718,3558.0,7.0
Exploring inclusive MedTech innovations for resource-constrained healthcare in india,"Laila Garda, Dinar Kale, Janak Nabar, Varsha Tol",Innovation and Development,14,3,p539 - p561,2024,10.1080/2157930x.2023.2215099,30-May-2023,https://doi.org/10.1080/2157930x.2023.2215099,1094.0,1.0
Institutional and technological innovation for the bamboo sector as an instrument for development and climate change resilience in Ethiopia,"Dietrich Darr, Tefera Belay Endalamaw","African Journal of Science, Technology, Innovation and Development",13,7,p817 - p828,2021,10.1080/20421338.2020.1837447,31-Dec-2020,https://doi.org/10.1080/20421338.2020.1837447,297.0,6.0
After Paris: transitions for sustainable consumption,"Dale Southerton, Daniel Welch","Sustainability: Science, Practice and Policy",15,s1,p31 - p44,2019,10.1080/15487733.2018.1560861@tsus20.2019.15.issue-s1,22-Feb-2019,https://doi.org/10.1080/15487733.2018.1560861@tsus20.2019.15.issue-s1,0.0,0.0
Exploring the readiness of publicly funded researchers to practice responsible research and innovation in digital agriculture,Áine Regan,Journal of Responsible Innovation,8,1,p28 - p47,2021,10.1080/23299460.2021.1904755,01-Apr-2021,https://doi.org/10.1080/23299460.2021.1904755,3413.0,39.0
After Paris: transitions for sustainable consumption,"Dale Southerton, Daniel Welch","Sustainability: Science, Practice and Policy",15,1,p31 - p44,2019,10.1080/15487733.2018.1560861,22-Feb-2019,https://doi.org/10.1080/15487733.2018.1560861,9246.0,32.0
Sustainable utilization of fruit and vegetable waste bioresources for bioplastics production,"William Clark, Liang Gong, Vijai Kumar Gupta, Yueming Jiang, Vijay Kumar Thakur, Shanmugam Kumar, John Newbold, Ajit Kumar Passari, Chunxiao Yin",Critical Reviews in Biotechnology,44,2,p236 - p254,2024,10.1080/07388551.2022.2157241,15-Jan-2023,https://doi.org/10.1080/07388551.2022.2157241,2028.0,23.0
Global trends and tourism development in peripheral areas,"Alina Ianioglo, Marko Rissanen",Scandinavian Journal of Hospitality and Tourism,20,5,p520 - p539,2020,10.1080/15022250.2020.1848620,27-Nov-2020,https://doi.org/10.1080/15022250.2020.1848620,7822.0,28.0
"Trajectories from standard to incremental and pioneering innovation in timber construction: multi-storey timber buildings in Germany, Austria, and Switzerland","Yana Boeva, Cordula Kropp, Achim Menges, Hana Svatoš-Ražnjević",Building Research & Information,,,p1 - p25,5187,10.1080/09613218.2025.2482970,10-Jun-2025,https://doi.org/10.1080/09613218.2025.2482970,125.0,0.0
Harnessing Bacillus keratinases for sustainable keratin waste valorization: a current appraisal,"Pranshi Gupta, Naveen Kango, Isha Sharma",Critical Reviews in Biotechnology,,,p1 - p24,5187,10.1080/07388551.2025.2495281,02-Jun-2025,https://doi.org/10.1080/07388551.2025.2495281,50.0,0.0
Embracing paradox and moving away from unsustainability through business model innovation,"Ukeje Jacob Agwu, Elin Merethe Oftedal",Sustainable Communities,2,1,,2025,10.1080/29931282.2025.2480363,28-Mar-2025,https://doi.org/10.1080/29931282.2025.2480363,472.0,0.0
Fostering smart specialisation: the emergence of guided self-organisation at the regional level,"Henna Riikka Kangas, Sanna Pauliina Ryynänen","Urban, Planning and Transport Research",10,1,p110 - p130,2022,10.1080/21650020.2022.2057357,30-Mar-2022,https://doi.org/10.1080/21650020.2022.2057357,1009.0,3.0
Using archetypal analysis to derive a typology of knowledge networks in European bioclusters,"Milad Abbasiharofteh, Frans Hermans",Regional Studies,59,1,,2025,10.1080/00343404.2024.2430354,02-Jan-2025,https://doi.org/10.1080/00343404.2024.2430354,928.0,0.0
Is bioeconomic potential shared? An assessment of policy expectations at the regional level in Colombia,"Alejandro Balanzó Guzmán, Juan Pablo Centeno, Claudia Marcela Pinzón Rojas, Héctor Heraldo Rojas Jiménez",Innovation and Development,13,2,p275 - p300,2023,10.1080/2157930x.2021.1956713,26-Jul-2021,https://doi.org/10.1080/2157930x.2021.1956713,276.0,1.0
Reflections on the practice of Responsible (Research and) Innovation in synthetic biology,"Ken Taylor, Simon Woods",New Genetics and Society,39,2,p127 - p147,2020,10.1080/14636778.2019.1709431,27-Jan-2020,https://doi.org/10.1080/14636778.2019.1709431,1898.0,14.0
Sustainable circular biorefinery approach for novel building blocks and bioenergy production from algae using microbial fuel cell,"Henry Chee Yew Foo, Man Kee Lam, Pau Loke Show, Inn Shi Tan, Kevin Tian Xiang Tong, Mee Kee Wong",Bioengineered,14,1,p246 - p289,2023,10.1080/21655979.2023.2236842,23-Jul-2023,https://doi.org/10.1080/21655979.2023.2236842,2629.0,12.0
Valorization of Macronutrients of Fruit Seeds and Their Food Applications: A Review,"Maria N Antipina, Yin Win Khin, Su Hui Lim, Jordy Kim Ung Ling, Siew Bee Ng",Food Reviews International,,,p1 - p22,5187,10.1080/87559129.2025.2486270,02-Apr-2025,https://doi.org/10.1080/87559129.2025.2486270,66.0,0.0
Microbial electrolysis: a promising approach for treatment and resource recovery from industrial wastewater,"Muhammad Bilal, Xuan-Thanh Bui, Jo-Shu Chang, Viralkunvar Devda, Wenshan Guo, Sang-Hyoun Kim, Yamini Koul, Huu Hao Ngo, Roberto Parra-Saldívar, Mohammad J Taherzadeh, Sunita Varjani, Jonathan W C Wong",Bioengineered,13,4,p8115 - p8134,2022,10.1080/21655979.2022.2051842,17-Mar-2022,https://doi.org/10.1080/21655979.2022.2051842,5937.0,71.0
"Energy use and decarbonisation of the water sector: a comprehensive review of issues, approaches, and technological options",Andrea G Capodaglio,Environmental Technology Reviews,14,1,p40 - p68,2025,10.1080/21622515.2024.2440163,06-Jan-2025,https://doi.org/10.1080/21622515.2024.2440163,236.0,4.0
Responsible regulation in action? Responsible research and innovation and the European Bank for induced pluripotent stem cells,Shawn HE Harmon,"Law, Innovation and Technology",10,1,p15 - p39,2018,10.1080/17579961.2018.1452175,22-Mar-2018,https://doi.org/10.1080/17579961.2018.1452175,210.0,2.0
News and Views,,Scandinavian Journal of Forest Research,32,7,p645 - p648,2017,10.1080/02827581.2017.1364892,31-Aug-2017,https://doi.org/10.1080/02827581.2017.1364892,19.0,0.0
'Creating Beauty': Collagen's speculative processes from waste to wellness,"Bridget Conor, A Winch",Economy and Society,54,1,p26 - p48,2025,10.1080/03085147.2025.2464441,06-Mar-2025,https://doi.org/10.1080/03085147.2025.2464441,722.0,0.0
Considering geographies of interdependence in responsible innovation,"Ehsan Nabavi, Dan Santos",Journal of Responsible Innovation,12,1,,2025,10.1080/23299460.2025.2479322,27-Mar-2025,https://doi.org/10.1080/23299460.2025.2479322,425.0,0.0
Intrinsic responsible innovation in a synthetic biology research project,"Alex Johns, Heath Murray, Ken Taylor, Simon Woods",New Genetics and Society,42,1,,2023,10.1080/14636778.2023.2232684,17-Aug-2023,https://doi.org/10.1080/14636778.2023.2232684,890.0,4.0
Resilience and family farming: overview and insights in scientific research,"Robert Buschbacher, Renata Evangelista de Oliveira, Wagner Gervazio, Nathalia de França Guimarães, Anderson de Souza Gallo",Agroecology and Sustainable Food Systems,49,6,p884 - p915,2025,10.1080/21683565.2024.2448197,08-Jan-2025,https://doi.org/10.1080/21683565.2024.2448197,319.0,1.0
"Advancing sustainable manufacturing: a systematic exploration of Industry 5.0 supply chains for sustainability, human-centricity, and resilience","M K S Al-Mhdawi, Nicholas Dacre, Hao Dong, Regina Frei, Jingyang Yan",Production Planning & Control,,,p1 - p30,5187,10.1080/09537287.2024.2380361,23-Jul-2024,https://doi.org/10.1080/09537287.2024.2380361,4751.0,27.0
"Advancing timber construction: historical growth, research frontiers, and time series forecasting","Harrison Huang, Lu Li, Shan Su",Journal of Asian Architecture and Building Engineering,,,p1 - p30,5187,10.1080/13467581.2024.2373829,05-Jul-2024,https://doi.org/10.1080/13467581.2024.2373829,1732.0,1.0
Innovative conversion of food waste into biofuel in integrated waste management system,"Nor'Aini Abdul Rahman, Halimatun Saadiah Hafid, Farah Nadia Omar, Minato Wakisaka",Critical Reviews in Environmental Science and Technology,52,19,p3453 - p3492,2022,10.1080/10643389.2021.1923976,28-May-2021,https://doi.org/10.1080/10643389.2021.1923976,2111.0,33.0
"Building Networks in the Agri-Food Chain: EU as Facilitator Toward Digital Transformation and ""Greening"" of Agricultural Sector","Charalampos Chrysomallidis, Yannis El Doukas",Journal of International Food & Agribusiness Marketing,36,1,p47 - p67,2024,10.1080/08974438.2023.2281328,20-Nov-2023,https://doi.org/10.1080/08974438.2023.2281328,253.0,2.0
Imaginary lock-ins in climate change politics: the challenge to envision a fossil-free future,"Jens Marquardt, Naghmeh Nasiritousi",Environmental Politics,31,4,p621 - p642,2022,10.1080/09644016.2021.1951479,08-Jul-2021,https://doi.org/10.1080/09644016.2021.1951479,3504.0,41.0
Waste management using marine microorganisms,"M Haripriyaa, K Suthindhiran",Sustainable Environment,10,1,,2024,10.1080/27658511.2024.2324574,06-Mar-2024,https://doi.org/10.1080/27658511.2024.2324574,2682.0,4.0
Calculating the blue economy: producing trust in numbers with business tools and reflexive objectivity,"Kristin Asdal, Hilde Reinertsen",Journal of Cultural Economy,12,6,p552 - p570,2019,10.1080/17530350.2019.1639066,22-Jul-2019,https://doi.org/10.1080/17530350.2019.1639066,3831.0,17.0
Trends in fisheries waste utilization: a valuable resource of nutrients and valorized products for the food industry,"Arfin Imam, Shifa Naseem, Anjan Ray, Anantha Sreepada Rayadurga, Sunil Kumar Suman",Critical Reviews in Food Science and Nutrition,,,p1 - p21,5187,10.1080/10408398.2023.2211167,15-May-2023,https://doi.org/10.1080/10408398.2023.2211167,1301.0,12.0
News and Analysis of the Global Innovation Scene,Tammy Editor McCausland,Research-Technology Management,64,6,p2 - p8,2021,10.1080/08956308.2021.1972388,22-Oct-2021,https://doi.org/10.1080/08956308.2021.1972388,95.0,0.0
Role of non-genetically modified or native pentose fermenting microorganisms in establishing viable lignocellulosic biorefineries in the Brazilian context,"Priscila V Arruda, Anuj K Chandel, Tayrone D Esteves, Vinod Kumar, Thais S Milessi, Luisa P Pinheiro, Juliana P Sandri",Critical Reviews in Biotechnology,,,p1 - p19,5187,10.1080/07388551.2025.2452628,20-Feb-2025,https://doi.org/10.1080/07388551.2025.2452628,282.0,1.0
Is biorefinery establishment enhancing the EU labour market on a regional level?,"Edoardo Baldoni, Robert M'Barek, Johannes Sauer, Maria Vrachioli, Xinqi Zhu",Regional Studies,58,8,p1603 - p1617,2024,10.1080/00343404.2023.2292251,30-Jan-2024,https://doi.org/10.1080/00343404.2023.2292251,1360.0,3.0
Ecological Economics Foundations to Improve Environmental Education Practices: Designing Regenerative Cultures*,"Javier Collado-Ruano, Joselin Segovia Sarmiento",World Futures,78,7,p456 - p483,2022,10.1080/02604027.2022.2072158,28-Jul-2022,https://doi.org/10.1080/02604027.2022.2072158,558.0,3.0
Role of ascomycete and basidiomycete fungi in meeting established and emerging sustainability opportunities: a review,"Muhamad Fazly Abdul Patah, Siti Rokhiyah Ahmad Usuldin, Mohamad Faizal Ibrahim, Zul Ilham, Adi Ainurzaman Jamaludin, Neil Rowan, Pau-Loke Show, Wan Hanna Melini Wan Mohtar, Wan Abd al Qadr Imad Wan-Mohtar, Afnan Ahmadi Zahuri",Bioengineered,13,7-12,p14903 - p14935,2022,10.1080/21655979.2023.2184785,27-Apr-2023,https://doi.org/10.1080/21655979.2023.2184785,2923.0,10.0
Flow approaches in agri-food systems research: revealing blind spots to support social-ecological transformation,"Lynda Aissani, Sandrine Allain, Pierre Guillemin, Kevin Morel, Tiago Teixeira da Silva Siqueira, Simon de Muynck",Agroecology and Sustainable Food Systems,49,4,p471 - p493,2025,10.1080/21683565.2024.2421977,05-Nov-2024,https://doi.org/10.1080/21683565.2024.2421977,357.0,0.0
A Revival for Thailand's Textile Traditions: New Value for Local Materials (Eri Silk) through Art Practice,"Supawinee Charungkiattikul, Eakachat Joneurairatana",TEXTILE,19,3,p340 - p353,2021,10.1080/14759756.2021.1914957,14-Jun-2021,https://doi.org/10.1080/14759756.2021.1914957,361.0,5.0
Change agency and path development in peripheral regions: from pulp production towards eco-industry in Lapland,"Jari Kolehmainen, Heli Kurikka, Markku Sotarauta",European Planning Studies,31,2,p348 - p371,2023,10.1080/09654313.2022.2054659,24-Mar-2022,https://doi.org/10.1080/09654313.2022.2054659,3891.0,24.0
Understanding the emergence and evolution of new business models in the UK regenerative medicine sector,"Geoffrey Banda, James Mittra, Omid Omidvar, Joyce Tait, Andrew Watkins",Technology Analysis & Strategic Management,33,3,p320 - p333,2021,10.1080/09537325.2019.1685087,13-Nov-2019,https://doi.org/10.1080/09537325.2019.1685087,735.0,8.0
Lignocellulosic materials valorization in second generation biorefineries: an opportunity to produce fungal biopigments,"Gabriel L Arruda, Mónica M Cruz-Santos, Fanny M Jofre, Solange I Mussatto, Carina A Prado, Maria Teresa F R Raymundo, Júlio C Santos, Vinícius P Shibukawa, Silvio S da Silva",Critical Reviews in Biotechnology,45,2,p393 - p412,2025,10.1080/07388551.2024.2349581,30-May-2024,https://doi.org/10.1080/07388551.2024.2349581,649.0,0.0
Configuring more responsible knowledge-based bio-economies: the case of alternative agro-food networks,Katerina Psarikidou,Journal of Responsible Innovation,10,1,,2023,10.1080/23299460.2023.2196818,27-Apr-2023,https://doi.org/10.1080/23299460.2023.2196818,1150.0,4.0
"Current state and prospects of biotechnology in Central and Eastern European countries. Part I: Visegrad countries (CZ, H, PL, SK)","Markus Dettenhofer, Munis Dundar, Kevan M A Gartland, Pawel Kaszycki, Stanislav Miertuš, Miroslav Ondrejovič, Stanislav Stuchlík, Ján Turňa, Tomasz Twardowski, Viktória Vásáry",Critical Reviews in Biotechnology,39,1,p114 - p136,2019,10.1080/07388551.2018.1523131,29-Oct-2018,https://doi.org/10.1080/07388551.2018.1523131,473.0,10.0
Comparing industry and academia priorities in bioenergy education: a Delphi study,"Katharine G Field, Kimi Grzyb, Brian D Hartman",International Journal of Sustainable Energy,37,10,p956 - p969,2018,10.1080/14786451.2017.1402769,30-Nov-2017,https://doi.org/10.1080/14786451.2017.1402769,216.0,5.0
Opportunities and challenges in implementing Smart Specialisation in Nordic 'strong innovator' regions,"Iryna Fil Kristensen, Rhiannon Pugh",Regional Studies,57,1,p129 - p140,2023,10.1080/00343404.2022.2054975,03-May-2022,https://doi.org/10.1080/00343404.2022.2054975,681.0,6.0
The 'philanthropic' gene: biocapital and the new green revolution in Africa,Jacqueline A Ignatova,Third World Quarterly,38,10,p2258 - p2275,2017,10.1080/01436597.2017.1322463,17-May-2017,https://doi.org/10.1080/01436597.2017.1322463,1417.0,18.0
Uncertainties of supply chain transition and integration for Industry 5.0: a review of operations management literature,Christopher M Durugbo,International Journal of Production Research,,,p1 - p23,5187,10.1080/00207543.2025.2489039,14-Apr-2025,https://doi.org/10.1080/00207543.2025.2489039,231.0,0.0
Representativeness of European biochar research: part I - field experiments,"Ana Catarina Bastos, Bruno Glaser, Simon Jeffery, Jürgen Kern, Utra Mankasingh, Pietro Panzacchi, Vit Penizek, Ruben Sakrabani, Priit Tammeorg, Frank G A Verheijen, Giulia Zanchettin, Costanza Zavalloni",Journal of Environmental Engineering and Landscape Management,25,2,p140 - p151,2017,10.3846/16486897.2017.1304943,28-Jun-2017,https://doi.org/10.3846/16486897.2017.1304943,633.0,19.0
COVID and structural cartelisation: market-state-society ties and the political economy of Pharma,"Matthew Sparke, Owain Williams",New Political Economy,29,4,p579 - p596,2024,10.1080/13563467.2024.2304180,19-Jan-2024,https://doi.org/10.1080/13563467.2024.2304180,4971.0,4.0
Zero-carbon solution: Microalgae as a low-cost feedstock for fuel production and carbon sequestration,"Ali Ahsan, Parveen Akhter, Muhammad Haris Hamayun, Murid Hussain, Abrar Inayat, Farrukh Jamil, Young-Kwon Park, Moeen Ali Rashad",Critical Reviews in Environmental Science and Technology,,,p1 - p24,5187,10.1080/10643389.2025.2505069,16-May-2025,https://doi.org/10.1080/10643389.2025.2505069,173.0,0.0
Collaborating as peers or targeted by science diplomacy? The participation of Latin American researchers in the European Framework Programme for Research and Innovation,Consuelo Uribe-Mallarino,"Tapuya: Latin American Science, Technology and Society",5,1,,2022,10.1080/25729861.2021.2003282,18-Mar-2022,https://doi.org/10.1080/25729861.2021.2003282,1585.0,3.0
University as an opportunity space enabler in a regional entrepreneurial ecosystem,"Suvi Konsti-Laakso, Katja Lahikainen, Satu Rinkinen",European Planning Studies,32,5,p1010 - p1028,2024,10.1080/09654313.2023.2246522,22-Aug-2023,https://doi.org/10.1080/09654313.2023.2246522,1748.0,3.0
Capitalization and the production of value at the nexus of academia and industry: the case of a microbiome startup,"Lorenzo Beltrame, Luciano Ferrari, Roberta Raffaetà",New Genetics and Society,43,1,,2024,10.1080/14636778.2024.2411863,17-Oct-2024,https://doi.org/10.1080/14636778.2024.2411863,707.0,0.0
"Biodiversity, leadership, and resilience in a national sustainable tourism program","Miia Grénman, Henna Konu, Juulia Räikkönen, Esko Sorakunnas, Liisa Tyrväinen",Scandinavian Journal of Hospitality and Tourism,,,p1 - p19,5187,10.1080/15022250.2024.2332308,21-Mar-2024,https://doi.org/10.1080/15022250.2024.2332308,1617.0,4.0
Development and evaluation of paddy straw and wheat chaff filter socks for sediment control in surface runoff,"Samanpreet Kaur, Prashant Shukla, Mukesh Siag, Sudhir Thaman",Urban Water Journal,22,2,p223 - p235,2025,10.1080/1573062x.2024.2446503,26-Dec-2024,https://doi.org/10.1080/1573062x.2024.2446503,38.0,0.0
When decarbonization rhymes with industrialization. The political dilemmas of increasing wood usage within the French construction industry,"Arnaud Sergent, Andy Smith",Journal of Environmental Policy & Planning,,,p1 - p14,5187,10.1080/1523908x.2024.2319240,01-Mar-2024,https://doi.org/10.1080/1523908x.2024.2319240,247.0,1.0
"Cupuaçu into Cupulate: Agronomic, Chemical, Sensory, Sustainable Approaches and Opportunities for New Food","Tatiana Barbieri Cochlar, Rafaela Giuliana Hermelino Lima, Sabrina Melo Evangelista, Natalia Maldaner Salvadori, Ziane da Conceição Das Mercês, Viviani Ruffo de Oliveira",Journal of Culinary Science & Technology,,,p1 - p16,5187,10.1080/15428052.2025.2478244,20-Mar-2025,https://doi.org/10.1080/15428052.2025.2478244,73.0,0.0
Byproductive limits and bits of animal life,"Hannah Dickinson, Catherine Oliver",Scottish Geographical Journal,140,3-4,p490 - p507,2024,10.1080/14702541.2024.2375003,29-Jul-2024,https://doi.org/10.1080/14702541.2024.2375003,797.0,3.0
Making Cells Worthwhile: Calculations of Value in a European Consortium for Induced Pluripotent Stem Cell Banking,Michael Morrison,Science as Culture,28,1,p46 - p69,2019,10.1080/09505431.2018.1538331,09-Nov-2018,https://doi.org/10.1080/09505431.2018.1538331,314.0,8.0
Food extrusion: An advanced process for innovation and novel product development,Andriana E Lazou,Critical Reviews in Food Science and Nutrition,64,14,p4532 - p4560,2024,10.1080/10408398.2022.2143474,07-Nov-2022,https://doi.org/10.1080/10408398.2022.2143474,2416.0,25.0
Industry-specific impacts of global drivers in the European Arctic,"J W Bjerke, R Bogadóttir, A G Edvardsdóttir, J Elomina, S Engen, A Iversen, J Miettinen, V Nygaard, P Rautio, L Suopajärvi, S Tuulentie, R Ólafsdóttir",Journal of Land Use Science,19,1,p150 - p169,2024,10.1080/1747423x.2024.2358951,18-Jun-2024,https://doi.org/10.1080/1747423x.2024.2358951,779.0,0.0
The Structural Genomics Consortium: successful organisational technology experiment or new institutional infrastructure for health research?,"Joanna Chataway, Molly Morgan Jones",Technology Analysis & Strategic Management,33,3,p296 - p306,2021,10.1080/09537325.2021.1882673,07-Mar-2021,https://doi.org/10.1080/09537325.2021.1882673,1694.0,5.0
The somatic-security industrial complex: theorizing the political economy of informationalized biology,"Rebecca J Hester, Owain David Williams",Review of International Political Economy,27,1,p98 - p124,2020,10.1080/09692290.2019.1625801,31-Jul-2019,https://doi.org/10.1080/09692290.2019.1625801,1384.0,6.0
From Luddites to limits? Towards a systematization of growth critiques in historical perspective,Matthias Schmelzer,Globalizations,20,3,p447 - p464,2023,10.1080/14747731.2022.2106044,16-Aug-2022,https://doi.org/10.1080/14747731.2022.2106044,2110.0,6.0
To renovate or build with wood? Results from Finnish citizen survey data,"Florencia Franzini, Katja Lähtinen, Enni Ruokamo, Anne Toppinen",Construction Management and Economics,42,10,p886 - p901,2024,10.1080/01446193.2024.2358063,03-Jun-2024,https://doi.org/10.1080/01446193.2024.2358063,797.0,1.0
Seven pillars of energy cooperation: an energy justice-driven framework for energy communities and energy cooperatives,"Iwo Buller, Maciej M Sokołowski, Madeline Taylor",Journal of Energy & Natural Resources Law,,,p1 - p23,5187,10.1080/02646811.2025.2455853,14-Feb-2025,https://doi.org/10.1080/02646811.2025.2455853,1416.0,1.0
"Application of Natural (Plant) Fibers Particularly Hemp Fiber as Reinforcement in Hybrid Polymer Composites - Part I. Origin of Hemp and Its Coming into Prominence, Cultivation Statistics, and Legal Regulations","Andrzej Bledzki, Mieczyslaw Scheibe, Magdalena Urbaniak",Journal of Natural Fibers,20,2,,2023,10.1080/15440478.2023.2251682,30-Aug-2023,https://doi.org/10.1080/15440478.2023.2251682,1266.0,4.0
"Valley of the unicorns: consumer genomics, venture capital and digital disruption",Stuart Hogarth,New Genetics and Society,36,3,p250 - p272,2017,10.1080/14636778.2017.1352469,09-Aug-2017,https://doi.org/10.1080/14636778.2017.1352469,3695.0,44.0
Flavor profile and role of macromolecules in the flavor generation of shrimp meat and valorization of shrimp by-products as a source of flavor compounds: a review,"Haritha Duppeti, Bettadaiah Bheemanakere Kempaiah, Sachindra Nakkarike Manjabhatta",Critical Reviews in Food Science and Nutrition,65,1,p123 - p142,2025,10.1080/10408398.2023.2268708,25-Oct-2023,https://doi.org/10.1080/10408398.2023.2268708,802.0,3.0
Tracing topic evolution in higher education: a text mining study on Italian universities,"Marco Abate, Filippo Chiarello, Francesca M Dovetto, Gualtiero Fantoni, Vito Giordano, Irene Spada",Studies in Higher Education,49,11,p1965 - p1983,2024,10.1080/03075079.2023.2284813,27-Nov-2023,https://doi.org/10.1080/03075079.2023.2284813,341.0,1.0
Risk and regulatory culture: governing recombinant DNA technology in the UK from 1970-1980,Farah Huzair,Technology Analysis & Strategic Management,33,3,p260 - p270,2021,10.1080/09537325.2020.1843616,24-Dec-2020,https://doi.org/10.1080/09537325.2020.1843616,2379.0,1.0
Enhancement of heat and mass transfer in drying systems for bio-economy and sustainable development,"Jiby Kurian, G S Vijaya Raghavan",Drying Technology,42,3,p576 - p586,2024,10.1080/07373937.2023.2292685,18-Dec-2023,https://doi.org/10.1080/07373937.2023.2292685,185.0,4.0
Contents of volume 58,,Regional Studies,58,12,p2539 - p2553,2024,10.1080/00343404.2024.2430873,01-Dec-2024,https://doi.org/10.1080/00343404.2024.2430873,63.0,0.0
Implementing fermentation technology for comprehensive valorisation of seafood processing by-products: A critical review on recovering valuable nutrients and enhancing utilisation,"Roberto Castro-Muñoz, Zahra Farajinejad, Dhanya Lakshmikanth, Chiranjiv Pradhan, Abhilash Sasidharan, Shahida Anusha Siddiqui",Critical Reviews in Food Science and Nutrition,65,5,p964 - p991,2025,10.1080/10408398.2023.2286623,14-Dec-2023,https://doi.org/10.1080/10408398.2023.2286623,3543.0,9.0
The governance of genome editing techniques for the European bio-based industry,Luana Ladu,Journal of Environmental Policy & Planning,23,2,p165 - p180,2021,10.1080/1523908x.2020.1850247,28-Nov-2020,https://doi.org/10.1080/1523908x.2020.1850247,520.0,2.0
A Comprehensive Review on Exploring the Nutraceutical Potential and Industrial Applications of Peach Waste,"Abuzar, Rizwan Arshad, Waqas Ashraf, Iahtisham-Ul-Haq, Abdur Rehman, Hafiz Rizwan Sharif, Mian Kamran Sharif",Food Reviews International,40,10,p3530 - p3554,2024,10.1080/87559129.2024.2366844,20-Jun-2024,https://doi.org/10.1080/87559129.2024.2366844,522.0,1.0
Protection of forest genetic resources by intellectual property rights - exploring possibilities and conceivable conflicts*,"Bo Karlsson, Tor Myking, Morten Walløe Tvedt",Scandinavian Journal of Forest Research,32,7,p598 - p606,2017,10.1080/02827581.2017.1293151,10-Mar-2017,https://doi.org/10.1080/02827581.2017.1293151,2665.0,3.0
"Discourse analysis of environmental policy revisited: traditions, trends, perspectives","Peter H Feindt, Reiner Keller, Sina Leipold, Georg Winkel",Journal of Environmental Policy & Planning,21,5,p445 - p463,2019,10.1080/1523908x.2019.1660462,10-Sep-2019,https://doi.org/10.1080/1523908x.2019.1660462,41196.0,151.0
Advances and trends in biotechnological production of natural astaxanthin by Phaffia rhodozyma yeast,"Laurent Dufossé, Cassamo U Mussagy, Jorge F B Pereira, Adalberto Jr Pessoa, Vijaya Raghavan, Valeria C Santos-Ebinuma",Critical Reviews in Food Science and Nutrition,63,13,p1862 - p1876,2023,10.1080/10408398.2021.1968788,26-Aug-2021,https://doi.org/10.1080/10408398.2021.1968788,1717.0,36.0
The Platform Approach,"Stefan Böschen, Agnes Förster, Peter Letmathe, Maren Paegert, Eva Strobel",disP - The Planning Review,58,3,p22 - p39,2022,10.1080/02513625.2022.2158590,19-Dec-2022,https://doi.org/10.1080/02513625.2022.2158590,160.0,3.0
Energy transformation in parliamentary debates: shifting from technologies to climate strategy in Finland,"Kaisa Matschoss, Juri Mykkänen, Petteri Repo",Environmental Politics,,,p1 - p21,5187,10.1080/09644016.2024.2431395,25-Nov-2024,https://doi.org/10.1080/09644016.2024.2431395,191.0,0.0
"The leftovers: a rural weaving of field care practices, taste and value within a local food-producing network","Thomas Budde Christensen, Emmy Laura Perez Fjalland",Journal of Cultural Economy,18,1,p109 - p128,2025,10.1080/17530350.2024.2306263,12-Apr-2024,https://doi.org/10.1080/17530350.2024.2306263,424.0,0.0
Defining competences for future geography students in relation to low carbon societies,"Jaume Feliu, Paula Inkeroinen, Iwona Markuszewska, Sergi Nuss, Minna Tanskanen, Josep Vila-Subirós",Journal of Geography in Higher Education,43,4,p415 - p430,2019,10.1080/03098265.2019.1660863,04-Sep-2019,https://doi.org/10.1080/03098265.2019.1660863,209.0,3.0
Sociological legitimacy of reindeer tourism in northern Finland,Mia Landauer,Scandinavian Journal of Hospitality and Tourism,,,p1 - p18,5187,10.1080/15022250.2025.2474750,06-Mar-2025,https://doi.org/10.1080/15022250.2025.2474750,459.0,0.0
Framing climate futures: the media representations of climate and energy policies in Finnish broadcasting company news,"Hanna-Liisa Kangas, Jari Lyytimäki, Erkki Mervaala, Suvi Vikström",Journal of Integrative Environmental Sciences,20,1,,2023,10.1080/1943815x.2023.2178464,19-Feb-2023,https://doi.org/10.1080/1943815x.2023.2178464,5127.0,7.0
Collaboration and shared logic for creating value-added in three Finnish wooden multi-storey building projects,"Katja Lähtinen, Noora Miilumäki, Ritva Toivonen, Anne Toppinen, Heini Vihemäki",Wood Material Science & Engineering,14,5,p269 - p279,2019,10.1080/17480272.2019.1653365,15-Aug-2019,https://doi.org/10.1080/17480272.2019.1653365,723.0,22.0
Civil society in local sustainable transformation - can bottom-up activities meet top-down expectations?,"Margareta Dahlström, Marie Nordfeldt",Journal of Civil Society,19,4,p401 - p418,2023,10.1080/17448689.2023.2255692,12-Sep-2023,https://doi.org/10.1080/17448689.2023.2255692,1381.0,2.0
Unlocking CO2's potential: exploring graphene-based catalysts for sustainable chemicals and fuels production,"Aanchal Agarwal, Noora Al-Qahtani, Rajender Boddula, Guo-Ping Chang-Chien, Bo-Wun Huang, Kapa Keharika, Yen-Yi Lee, Srinivaas Masimukku, Ramyakrishna Pothu",Green Chemistry Letters and Reviews,17,1,,2024,10.1080/17518253.2024.2426503,04-Dec-2024,https://doi.org/10.1080/17518253.2024.2426503,1236.0,2.0
Social integration mechanisms to strengthen absorptive capacity in agricultural advisory service organisations,"Bjørn Gunnar Hansen, Gunn-Turid Kvam, Egil Petter Stræte, Eystein Ystad",The Journal of Agricultural Education and Extension,29,4,p395 - p416,2023,10.1080/1389224x.2022.2117214,03-Sep-2022,https://doi.org/10.1080/1389224x.2022.2117214,1744.0,4.0
Advances in sustainable approaches utilizing orange peel waste to produce highly value-added bioproducts,"Meijin Guo, Muhammad Hammad Hussain, Imran Mehmood Khan, Zebo Liu, Ali Mohsin, Muhammad Zubair Mohsin, Sobia Niazi, Salim-Ur-Rehman, Xiwei Tian, Waqas Qamar Zaman, Junhong Zhang, Yingping Zhuang",Critical Reviews in Biotechnology,42,8,p1284 - p1303,2022,10.1080/07388551.2021.2002805,02-Dec-2021,https://doi.org/10.1080/07388551.2021.2002805,2362.0,45.0
Many Meats and Many Milks? The Ontological Politics of a Proposed Post-animal Revolution,"Erik Jönsson, Tobias Linné, Ally McCrow-Young",Science as Culture,28,1,p70 - p97,2019,10.1080/09505431.2018.1544232,22-Nov-2018,https://doi.org/10.1080/09505431.2018.1544232,5902.0,46.0
Climate change and class conflict in the Anthropocene: sink or swim together?,Murat Arsel,The Journal of Peasant Studies,50,1,p67 - p95,2023,10.1080/03066150.2022.2113390,25-Aug-2022,https://doi.org/10.1080/03066150.2022.2113390,10518.0,18.0
Shaping opportunity spaces: the role of narratives in place leadership,"Markus Grillitsch, Johan Miörner, Max Roessler, Daniel Schiller",Regional Studies,59,1,,2025,10.1080/00343404.2025.2471541,24-Mar-2025,https://doi.org/10.1080/00343404.2025.2471541,1320.0,1.0
Industrial Hemp As a Multi-Purpose Crop: Last Achievements and Research in 2018-2023,"Paweł Dudziec, Mariusz Jerzy Stolarski, Kazimierz Warmiński",Journal of Natural Fibers,21,1,,2024,10.1080/15440478.2024.2369186,27-Jun-2024,https://doi.org/10.1080/15440478.2024.2369186,2292.0,9.0
Power relations in European RDI-collaboration networks. Disparities in policy-driven opportunities for knowledge generation in ICT,"Marlies Schütz, Rita Strohmaier",Economics of Innovation and New Technology,31,3,p209 - p230,2022,10.1080/10438599.2020.1799139,22-Sep-2020,https://doi.org/10.1080/10438599.2020.1799139,3256.0,4.0
Sustainable valorisation of agro-waste: antibacterial cellulose micro-fibres from spent tea leaves and rotten grapes,"Harreet K Sidhu, Surabhi Soni",Indian Chemical Engineer,,,p1 - p14,5187,10.1080/00194506.2025.2513468,13-Jun-2025,https://doi.org/10.1080/00194506.2025.2513468,14.0,0.0
Exploring the environmental and economic impacts of wind energy: a cost-benefit perspective,"Kehinde Adeyeye, Jonathan Colton, Nelson Ijumba",International Journal of Sustainable Development & World Ecology,27,8,p718 - p731,2020,10.1080/13504509.2020.1768171,24-May-2020,https://doi.org/10.1080/13504509.2020.1768171,7656.0,48.0
Long-term transport decarbonization pathways in the European Union: a strategic energy-economy analysis,"Pantelis Capros, Panagiotis Karkatsoulis, Pelopidas Siskos, Ioannis Tsiropoulos","Energy Sources, Part B: Economics, Planning, and Policy",17,1,,2022,10.1080/15567249.2022.2101712,02-Aug-2022,https://doi.org/10.1080/15567249.2022.2101712,582.0,7.0
Bioengineering strategies of microalgae biomass for biofuel production: recent advancement and insight,"Lalitha Gnanasekaran, Jheng-Jie Jiang, Kuan Shiong Khoo, Nova Rachmadona, Saravanan Rajendran, Pau Loke Show, Thanigaivel Sundaram",Bioengineered,14,1,,2023,10.1080/21655979.2023.2252228,04-Sep-2023,https://doi.org/10.1080/21655979.2023.2252228,5083.0,24.0
"The specter of ""bad blood"" in Japanese blood banks",Jieun Kim,New Genetics and Society,37,4,p296 - p318,2018,10.1080/14636778.2018.1546575,19-Nov-2018,https://doi.org/10.1080/14636778.2018.1546575,1421.0,6.0
Effects of boom-corridor thinning on harvester productivity and residual stand structure,"Dan Bergström, Raul Fernandez-Lacruz, Christian Höök, Nike Krajnc, Jukka Malinen, Tomas Nordfjell, Yrjö Nuutinen, Matevž Triplat, Teresa de la Fuente",International Journal of Forest Engineering,33,3,p226 - p242,2022,10.1080/14942119.2022.2058258,17-Apr-2022,https://doi.org/10.1080/14942119.2022.2058258,1575.0,8.0
Which region to choose for an industrial policy? A research path to highlight restructuring opportunities,"Marco Capasso, Eric James Iversen, Antje Klitkou, Tore Sandven",European Planning Studies,27,8,p1461 - p1482,2019,10.1080/09654313.2019.1588855,18-Mar-2019,https://doi.org/10.1080/09654313.2019.1588855,1920.0,6.0
Exploring land use conflicts arising from economic activities and their impacts on local communities in the European Arctic,"Jarle Bjerke, Ragnheidur Bogadóttir, Karen Calanasan, Isidora Dabić, Anna Guðrún Edvardsdòttir, Jerbelle Elomina, Sigrid Engen, Audun Iversen, Gun Lidestav, Kristine Lynge-Pedersen, Sara Moioli, Vigdis Nygaard, Helga Pülzl, Pasi Rautio, Roy Robertsen, Sten Siikavuopio, Hans Tommervik, Seija Tuulentie, Rannveig Ólafsdóttir, Ivana Živojinović",Journal of Land Use Science,19,1,p186 - p210,2024,10.1080/1747423x.2024.2382676,30-Jul-2024,https://doi.org/10.1080/1747423x.2024.2382676,1698.0,2.0
Resilience to exogenous shocks in environmental management regimes in the Arctic - lessons learned from survivors,"Dorothy Dankel, Yajie Liu, Elizabeth Nyman, Rachel Tiller",The Polar Journal,9,1,p133 - p153,2019,10.1080/2154896x.2019.1618557,13-Jun-2019,https://doi.org/10.1080/2154896x.2019.1618557,209.0,3.0
The Role of Scientific Source Credibility and Goodwill in Public Skepticism Toward GM Foods,"Kathleen P Hunt, Dara M Wald",Environmental Communication,14,7,p971 - p986,2020,10.1080/17524032.2020.1725086,13-Mar-2020,https://doi.org/10.1080/17524032.2020.1725086,5402.0,26.0
Amplituhedron: A bio-melanin fibre synthesized from soil bacteria for the design of innovative sustainable garments,"Khajornsak Nakpan, Supavee Sirinkraporn",The Design Journal,26,2,p290 - p309,2023,10.1080/14606925.2022.2154782,03-Jan-2023,https://doi.org/10.1080/14606925.2022.2154782,284.0,0.0
Diverging timber architecture trajectories in Japan and South Korea: a comparative study,"Wong Chee Hoo, Pradeep Paraman, Charles Ramendran SPR",Journal of Asian Architecture and Building Engineering,,,p1 - p23,5187,10.1080/13467581.2024.2407154,02-Dec-2024,https://doi.org/10.1080/13467581.2024.2407154,477.0,0.0
"Food as Software: Place, Protein, and Feeding the World Silicon Valley-Style",Alexandra E Sexton,Economic Geography,96,5,p449 - p469,2020,10.1080/00130095.2020.1834382,18-Nov-2020,https://doi.org/10.1080/00130095.2020.1834382,9765.0,16.0
Hocus-pocus tricks and moral progressions: the emerging meanings of cultured meat in online news comments,"Toni Ryynänen, Anni Toivanen","Food, Culture & Society",26,3,p591 - p620,2023,10.1080/15528014.2022.2027688,26-Jan-2022,https://doi.org/10.1080/15528014.2022.2027688,2926.0,11.0
Enhancing the international regulation of science innovators: reputation to the rescue?,Sarah Devaney,"Law, Innovation and Technology",11,1,p134 - p154,2019,10.1080/17579961.2019.1573401,14-Feb-2019,https://doi.org/10.1080/17579961.2019.1573401,240.0,0.0
Nutritional enrichment of fruit peel wastes using lipid accumulating Aurantiochytrium strain as feed for aquaculture in the North-East Region of India,"Channakeshavaiah Chikkaputtaiah, Diganta Kumar Saikia, Natarajan Velmurugan",Environmental Technology,45,6,p1215 - p1233,2024,10.1080/09593330.2022.2139638,09-Nov-2022,https://doi.org/10.1080/09593330.2022.2139638,248.0,3.0
Benefits and challenges of streamlined life-cycle assessment for SMEs - findings from case studies on climate change impacts,"R Antikainen, A Holma, J Judl, P Leskinen, T Mattila, T Myllyviita, J Niemistö, S Sironen",International Journal of Sustainable Development & World Ecology,26,7,p625 - p634,2019,10.1080/13504509.2019.1646344,01-Aug-2019,https://doi.org/10.1080/13504509.2019.1646344,793.0,8.0
"The third sector of R&D: literature review, basic analysis, and research agenda",Olof Hallonsten,Prometheus,35,1,p21 - p35,2017,10.1080/08109028.2017.1362830,11-Aug-2017,https://doi.org/10.1080/08109028.2017.1362830,210.0,6.0
"Global health, accelerated: Rapid diagnostics and the fragile solidarities of 'emergency R&D'","Ann H Kelly, Javier Lezaun, Alice Street",Economy and Society,51,2,p187 - p210,2022,10.1080/03085147.2021.2014730,28-Feb-2022,https://doi.org/10.1080/03085147.2021.2014730,3425.0,17.0
"Chemicals from lignocellulosic biomass: A critical comparison between biochemical, microwave and thermochemical conversion methods","Felix Abeln, Hadiza Auta, Vitaly L Budarin, Huihui Chen, Christopher J Chuck, James H Clark, Jiajun Fan, Gang Luo, Sophie Parsons, Daniel C W Tsang, Iris K M Yu, Shicheng Zhang",Critical Reviews in Environmental Science and Technology,51,14,p1479 - p1532,2021,10.1080/10643389.2020.1753632,02-May-2020,https://doi.org/10.1080/10643389.2020.1753632,2237.0,65.0
Pore characteristics of hydrochars and their role as a vector for soil bacteria: A critical review of engineering options,"Christoph Pfeifer, Philipp Thunshirn, Walter W Wenzel",Critical Reviews in Environmental Science and Technology,52,23,p4147 - p4171,2022,10.1080/10643389.2021.1974256,14-Sep-2021,https://doi.org/10.1080/10643389.2021.1974256,3894.0,23.0
"(Re)Incorporating ""the Tangible"" in Industrial Path Development Analyses: The Role of Sociomaterial Contingencies in Explaining Potential Emergence of Hydrogen Production in Western Norway","Arnt Fløysand, Stig-Erik Jakobsen, Rune Njøs, Svein Gunnar Sjøtun",Economic Geography,100,5-6,p437 - p458,2024,10.1080/00130095.2024.2389858,16-Sep-2024,https://doi.org/10.1080/00130095.2024.2389858,1633.0,6.0
Navigating diverging responsibilities for inclusion in a biobased value chain: the case of Solaris tobacco in South Africa,"Lotte Asveld, Eefje de Gelder",Journal of Responsible Innovation,11,1,,2024,10.1080/23299460.2024.2414533,30-Oct-2024,https://doi.org/10.1080/23299460.2024.2414533,398.0,1.0
A Review on Agro-industrial Waste as Cellulose and Nanocellulose Source and Their Potentials in Food Applications,"Hafeedza Abdul Rahman, Ain Nadiah Sofiah Ahmad Khorairi, Seng Joe Lim, Noorul Syuhada Mohd Razali, Rizafizah Othaman, Noor-Soffalina Sofian-Seng, Wan Aida Wan Mustapha",Food Reviews International,39,2,p663 - p688,2023,10.1080/87559129.2021.1926478,17-May-2021,https://doi.org/10.1080/87559129.2021.1926478,1754.0,43.0
"Drug development, Brazilian biodiversity and political choices: Where are we heading?","Daniel Dias Rufino Arcanjo, Paulo Michel Pinheiro Ferreira, Ana Paula Peron","Journal of Toxicology and Environmental Health, Part B",26,5,p257 - p274,2023,10.1080/10937404.2023.2193762,26-Mar-2023,https://doi.org/10.1080/10937404.2023.2193762,1110.0,54.0
Business model for developing strategies of forest cooperatives. Evidence from an emerging business environment in Greece,"Christos Anastopoulos, Dimitra Lazaridou, Ioannis Papadopoulos, Marios Trigkas",Journal of Sustainable Forestry,39,3,p259 - p282,2020,10.1080/10549811.2019.1635031,26-Jun-2019,https://doi.org/10.1080/10549811.2019.1635031,827.0,17.0
Immobilization of heavy metals in contaminated soil after mining activity by using biochar and other industrial by-products: the significant role of minerals on the biochar surfaces,"van Minh Dang, Thi Minh Hoa Duong, Stephen Joseph, Thi Lan Anh Mai, David Mitchell, Paul Munroe, Sarasadat Taherymoosavi, Simon Weldon, Huu Tap van",Environmental Technology,40,24,p3200 - p3215,2019,10.1080/09593330.2018.1468487,08-May-2018,https://doi.org/10.1080/09593330.2018.1468487,1168.0,46.0
"Health vs. wealth: Employer, employee and policy-maker perspectives on occupational heat stress across multiple European industries","Lučka Kajfež Bogataj, Andreas D Flouris, Leonidas G Ioannou, Miriam Levi, Alessandro Messeri, Marco Morabito, Nathan B Morris, Lars Nybo, Jacob F Piil, Tjaša Pogačar, George Samoutis",Temperature,8,3,p284 - p301,2021,10.1080/23328940.2020.1852049,14-Dec-2020,https://doi.org/10.1080/23328940.2020.1852049,4362.0,20.0
"Between the local and the global? - reindeer herders' perspectives on land use challenges and conflicts in the Sámi homeland, Finland","A Nikula, P Rautio, T Rikkonen, M T Turunen, S Tuulentie",Journal of Land Use Science,19,1,p134 - p149,2024,10.1080/1747423x.2024.2359606,28-May-2024,https://doi.org/10.1080/1747423x.2024.2359606,1299.0,0.0
Second-generation biofuels: exploring imaginaries via deliberative workshops with farmers,"Christopher Groves, Meenakshisundaram Sankar, P John Thomas",Journal of Responsible Innovation,5,2,p149 - p169,2018,10.1080/23299460.2017.1422926,22-Feb-2018,https://doi.org/10.1080/23299460.2017.1422926,3057.0,19.0
Causes and solutions for fruit and vegetable waste: a participatory approach with Romanian farmers for sustainable agriculture,"Iulia Ajtai, Nicoleta Bican-Brișan, Lucian Cuibus, Oana Adriana Gica, Adina Letitia Negrusa, Dacinia Crina Petrescu, Ruxandra Malina Petrescu-Mag, Carmen Andreea Roba, Ancuta Tenter, Valentin Toader",International Journal of Agricultural Sustainability,22,1,,2024,10.1080/14735903.2024.2329391,26-Mar-2024,https://doi.org/10.1080/14735903.2024.2329391,4682.0,8.0
Enhancing students' digital skills through a Biotechnology & Bioprocessing module designed for chemical engineers,Alfred Fernandez-Castane,Cogent Education,11,1,,2024,10.1080/2331186x.2023.2299201,19-Jan-2024,https://doi.org/10.1080/2331186x.2023.2299201,806.0,0.0
"A European biobanking strategy for safeguarding macroalgal genetic material to ensure food security, biosecurity and conservation of biodiversity","Inka Bartsch, Ricardo Bermejo, Janina Brakel, Emeline Creis, Laurie C Hofmann, Bertrand Jacquemin, Jessica Knoop, Maike Lorenz, Levi Pompermayer Machado, Neusa Martins, Gabriel Montecinos Arismendi, Sotiris Orfanidis, Manuela I Parente, Ian Probert, Cecilia Rad Menendez, Ralf Rautenberger, Michael Ross, Jessica Schiller, Ester A Serrao, Sophie Steinhagen, Ronan Sulpice, Myriam Valero, Thomas Wichard, Olivier de Clerck",European Journal of Phycology,60,2,p197 - p220,2025,10.1080/09670262.2025.2480569,29-Apr-2025,https://doi.org/10.1080/09670262.2025.2480569,918.0,0.0
Advances in biomaterial production from animal derived waste,"Mukesh Kumar Awasthi, Gyanendra Kumar Gaur, Vivek Kumar Gaur, Neha Rawat, Narashans Alok Sagar, Ranjna Sirohi, Ayon Tarafdar, Pratik Ramesh Wankhade",Bioengineered,12,1,p8247 - p8258,2021,10.1080/21655979.2021.1982321,23-Nov-2021,https://doi.org/10.1080/21655979.2021.1982321,5067.0,42.0
A Fishy Story Promoting a False Dichotomy to Policy-Makers: It Is Not Freshwater vs. Marine Aquaculture,"Abigail B Bockus, Bela H Buck, Thierry Chopin, Barry Antonio Costa-Pierce, Joao G Ferreira, Nils Goseberg, Kevin G Heasman, Johan Johansen, Sandra E Shumway, Neil A Sims, Albert G J Tacon, Sander W K van den Burg",Reviews in Fisheries Science & Aquaculture,30,4,p429 - p446,2022,10.1080/23308249.2021.2014175,14-Dec-2021,https://doi.org/10.1080/23308249.2021.2014175,3532.0,12.0
Symposia: posters,,European Journal of Phycology,59,sup1,s134 - s230,2024,10.1080/09670262.2024.2317019,02-Apr-2024,https://doi.org/10.1080/09670262.2024.2317019,141.0,0.0
Consuming the creative city: gastrodevelopment in a UNESCO creative city of gastronomy,"Eden Kinkaid, Ellen Platts",Urban Geography,,,p1 - p21,5187,10.1080/02723638.2023.2296763,11-Jan-2024,https://doi.org/10.1080/02723638.2023.2296763,642.0,3.0
More frequent and stronger ties? Using QCA to assess the effects of policy in a Norwegian biotech cluster,John Eugene Chrisman,"Regional Studies, Regional Science",11,1,p645 - p659,2024,10.1080/21681376.2024.2402934,04-Oct-2024,https://doi.org/10.1080/21681376.2024.2402934,440.0,0.0
Fuel consumption and GHG emissions of forest biomass supply chains in Northern Sweden: a comparison analysis between integrated and conventional supply chains,"Dimitris Athanassiadis, Sara González-García, Tomas Nordfjell, Teresa de la Fuente",Scandinavian Journal of Forest Research,32,7,p568 - p581,2017,10.1080/02827581.2016.1259424,06-Mar-2017,https://doi.org/10.1080/02827581.2016.1259424,625.0,15.0
Farmers' perceptions of the challenges facing the biomass market in Poland; a case study from South and Central Poland,"Magdalena Dąbrowska, Anna Iglińska, Bartłomiej Igliński, Aleksandra Kaczmarek, Jakub Kajdanek, Aleksander Lisowski, Karthikeyan Natarajan, Ari Pappinen, Paavo Pelkonen, Maxim Trishkin, Anas Zyadin",Biofuels,12,7,p829 - p837,2021,10.1080/17597269.2018.1546486,30-Jan-2019,https://doi.org/10.1080/17597269.2018.1546486,129.0,5.0
Outdoor recreation in ecosystem service accounting: pilot accounts from Finland,"Tuija Lankia, Marjo Neuvonen, Eija Pouta, Tuija Sievänen, Jukka Torvelainen",Scandinavian Journal of Forest Research,35,3-4,p186 - p197,2020,10.1080/02827581.2020.1760342,10-Jun-2020,https://doi.org/10.1080/02827581.2020.1760342,1010.0,10.0
Testing Ecology: Breast and Gynecological Cancer Predisposition Tests and the National Healthcare System in Spain,Violeta Argudo-Portal,Medical Anthropology,44,1,p22 - p38,2025,10.1080/01459740.2024.2444617,24-Dec-2024,https://doi.org/10.1080/01459740.2024.2444617,640.0,0.0
Ethical choreography in China's Human Gene Editing controversy,Larry Au,Science as Culture,32,4,p535 - p557,2023,10.1080/09505431.2023.2218401,31-May-2023,https://doi.org/10.1080/09505431.2023.2218401,457.0,1.0
"Eco-friendly adhesives for wood panels: advances in lignin, tannin, protein, and rubber-based solutions","Aakash Kumar, Pranit B Patil, Dipak V Pinjari",Journal of Adhesion Science and Technology,,,p1 - p42,5187,10.1080/01694243.2025.2514151,09-Jun-2025,https://doi.org/10.1080/01694243.2025.2514151,15.0,0.0
Endogenous effects and cluster transition: a conceptual framework for cluster policy,Milad Abbasiharofteh,European Planning Studies,28,12,p2508 - p2531,2020,10.1080/09654313.2020.1724266,13-Feb-2020,https://doi.org/10.1080/09654313.2020.1724266,5227.0,18.0
Spitting images: remaking saliva as a promissory substance†,"Mette Kragh-Furbo, Richard Tutton",New Genetics and Society,36,2,p159 - p185,2017,10.1080/14636778.2017.1320943,09-May-2017,https://doi.org/10.1080/14636778.2017.1320943,953.0,11.0
What suicide and Greece tell us about precarity and capitalism,Anna M Agathangelou,Globalizations,16,4,p541 - p558,2019,10.1080/14747731.2018.1464686,21-Jun-2018,https://doi.org/10.1080/14747731.2018.1464686,589.0,10.0
Prioritising key variables for assessing food system resilience in Finland,"Kalle Aro, Pasi Rikkonen, Karoliina Rimhanen","Acta Agriculturae Scandinavica, Section B — Soil & Plant Science",73,1,p170 - p183,2023,10.1080/09064710.2023.2256341,15-Sep-2023,https://doi.org/10.1080/09064710.2023.2256341,1395.0,0.0
"Understanding the climate, migration, social protection nexus from a youth mobility dimension: can social protection address the drivers of climigration?","Alexandra Krendelsberger, Theresa Liebig, Peter Läderach, Peter C McKeown, Una Murray, Tomy Ncube, Nam Nguyen, Grazia Pacillo, Charles Spillane, Lalhmangaihzuali Zualii",Climate and Development,,,p1 - p22,5187,10.1080/17565529.2024.2380380,16-Aug-2024,https://doi.org/10.1080/17565529.2024.2380380,2490.0,1.0
Facial Biocosmetics Based on Natural Dyes from Amazon Wood Residues,"Fernando Wallase Carvalho Andrade, Kelly C F Castro, Cássia Valéria Pinheiro Corrêa, Jefferson Maia Feitosa, Sara Freitas de Souza, Victor Hugo Pereira Moutinho, Brenna Couto Nicaretta, Kariane Mendes Nunes, Maria Eduarda Cohen da Silva",Journal of Sustainable Forestry,42,9,p910 - p921,2023,10.1080/10549811.2022.2123821,19-Sep-2022,https://doi.org/10.1080/10549811.2022.2123821,336.0,1.0
Polytraps in European rural mountainous regions: an expert view,"Stanislava Brnkalakova, Irene Christoforidi, Vlad Crisan, Antonia Egli, Andrej Ficko, Pınar Gültekin, Yaşar Selman Gültekin, Juha Hiedanpää, Mikko Jokinen, Theo Lynn, Antonio T Monteiro, Mojca Nastran, Oksana Pelyukh, Simo Sarkki, Ivan Sulc, Matteo Vizzarri, Hakan Yasin Özdemir, Ivana Živojinović",European Planning Studies,,,p1 - p21,5187,10.1080/09654313.2025.2473380,12-Mar-2025,https://doi.org/10.1080/09654313.2025.2473380,715.0,0.0
"Ecosystem Services Provided by Seaweed Cultivation: State of the Art, Knowledge Gaps, Constraints and Future Needs for Achieving Maximum Potential in Europe","Fricke A, Buschmann AH, Capuzzo E, Cottier-Cook EJ, Hernández I, Hofmann LC, Bermejo R, Pereira R, van den Burg SWK, Pereira T",Reviews in Fisheries Science & Aquaculture,33,2,p238 - p256,2025,10.1080/23308249.2024.2399355,13-Sep-2024,https://doi.org/10.1080/23308249.2024.2399355,2986.0,0.0
Blood and Borders: Geographies of Social Reproduction in Ciudad Juárez-El Paso,"Nina Ebner, Kelsey Mae Johnson",Annals of the American Association of Geographers,111,2,p498 - p514,2020,10.1080/24694452.2020.1782169,24-Aug-2020,https://doi.org/10.1080/24694452.2020.1782169,950.0,12.0
Bridging Reproductive and Productive Work: The Case of Surrogates in California,"Ariadna Ayala, Ana María Rivas, Consuelo Álvarez Plaza",Medical Anthropology,43,8,p748 - p769,2024,10.1080/01459740.2024.2364244,12-Jun-2024,https://doi.org/10.1080/01459740.2024.2364244,194.0,1.0
Can digital technology promote sustainable agriculture? Empirical evidence from urban China,"Kai Liu, Liqun Liu",Cogent Food & Agriculture,9,2,,2023,10.1080/23311932.2023.2282234,18-Nov-2023,https://doi.org/10.1080/23311932.2023.2282234,1934.0,11.0
Understanding changes of laser backscattering imaging parameters through the kiwifruit softening process using time series analysis,"Andrew East, Mo Li, Zhuo Yang, Manuela Zude-Sasse",New Zealand Journal of Crop and Horticultural Science,52,3,p240 - p264,2024,10.1080/01140671.2024.2348139,12-May-2024,https://doi.org/10.1080/01140671.2024.2348139,714.0,1.0
Global Participation in and Public Attitudes Toward Recreational Fishing: International Perspectives and Developments,"Øystein Aas, Josep Alós, Ivan Arismendi, Robert Arlinghaus, Shannon Bower, Steven Carle, Tomasz Czarkowski, Kátia M F Freire, John Hu, Len M Hunt, Andrzej Kapusta, Roman Lyach, Daryl McPhee, Warren Potts, Pekka Salmi, Alexander Schwab, Marek Trella, Jun-Ichi Tsuboi, Arkadiusz Wołos, Zi-Jiang Yang",Reviews in Fisheries Science & Aquaculture,29,1,p58 - p95,2021,10.1080/23308249.2020.1782340,29-Jun-2020,https://doi.org/10.1080/23308249.2020.1782340,3851.0,99.0
Supporting collaborative biodesign ideation with contextualised knowledge from bioscience,"Yuning Chen, Elena Dieckmann, Céline Mougenot, Sander Välk",CoDesign,19,2,p142 - p161,2023,10.1080/15710882.2022.2138447,09-Dec-2022,https://doi.org/10.1080/15710882.2022.2138447,3553.0,0.0
ASPA 25th Congress Book of Abstract,"Angela Gabriella D'Alessandro, Aristide Maggiolino, Marcello Mele, Pasquale de Palo",Italian Journal of Animal Science,22,sup1,p1 - p320,2023,10.1080/1828051x.2023.2210877,12-Jun-2023,https://doi.org/10.1080/1828051x.2023.2210877,1770.0,5.0
Pothole detection in the woods: a deep learning approach for forest road surface monitoring with dashcams,"Rasmus Astrup, Stephan Hoffmann, Mostafa Hoseini, Stefano Puliti",International Journal of Forest Engineering,35,2,p303 - p312,2024,10.1080/14942119.2023.2290795,18-Dec-2023,https://doi.org/10.1080/14942119.2023.2290795,1592.0,5.0
Mismatched and misaligned: responsibility narratives in American research labs for synthetic biotechnologies,Maya Hey,Journal of Responsible Innovation,11,1,,2024,10.1080/23299460.2024.2355682,30-May-2024,https://doi.org/10.1080/23299460.2024.2355682,777.0,2.0
The global health pandemic and its impact on the motivation of employees in micro and small enterprises: a case study in the Slovak Republic,"Zdeněk Caha, Miloš Hitka, Silvia Lorincová, Mariana Sedliačiková, Peter Štarchoň",Economic Research-Ekonomska Istraživanja,35,1,p458 - p479,2022,10.1080/1331677x.2021.1902365,30-Mar-2021,https://doi.org/10.1080/1331677x.2021.1902365,19049.0,22.0
Recent advances in antibacterial nanoformulations for endodontic applications,"João Botelho, Pedro Brandão, Tiago Dionísio, Pedro Fonte, Vanessa Machado, José João Mendes",Expert Opinion on Drug Delivery,,,p1 - p20,5187,10.1080/17425247.2025.2511963,30-May-2025,https://doi.org/10.1080/17425247.2025.2511963,27.0,0.0
Depth-to-water maps as predictors of rut severity in fully mechanized harvesting operations,"C Antón Fernández, R Astrup, J B Heppelmann, B Talbot",International Journal of Forest Engineering,33,2,p108 - p118,2022,10.1080/14942119.2022.2044724,14-Mar-2022,https://doi.org/10.1080/14942119.2022.2044724,1153.0,4.0
"Cultured Microalgae and Compounds Derived Thereof for Food Applications: Strain Selection and Cultivation, Drying, and Processing Strategies",Tomás Lafarga,Food Reviews International,36,6,p559 - p583,2020,10.1080/87559129.2019.1655572,19-Aug-2019,https://doi.org/10.1080/87559129.2019.1655572,1296.0,63.0
Twenty-three unsolved problems in hydrology (UPH) - a community perspective,"Hafzullah Aksoy, Scott T Allen, Anam Amin, Vazken Andréassian, Berit Arheimer, Santosh K Aryal, Victor Baker, Earl Bardsley, Marlies H Barendrecht, Alena Bartosova, Okke Batelaan, Wouter R Berghuijs, Keith Beven, Marc F P Bierkens, Theresa Blume, Günter Blöschl, Thom Bogaard, Pablo Borges de Amorim, Gilles Boulet, Korbinian Breinl, Mitja Brilly, Luca Brocca, Wouter Buytaert, Michael E Böttcher, Gemma Carr, Attilio Castellarin, Andrea Castelletti, Antonio Chambel, Xiaohong Chen, Yangbo Chen, Yuanfang Chen, Peter Chifflard, Pierluigi Claps, Martyn P Clark, Adrian L Collins, Barry Croke, Christophe Cudennec, Annette Dathe, Paula C David, Georgia Destouni, Giuliano Di Baldassarre, Jessica M Driscoll, Doris Duethmann, Ravindra Dwivedi, Ebru Eris, William H Farmer, James Feiccabrino, Grant Ferguson, Ennio Ferrari, Stefano Ferraris, Benjamin Fersch, David Finger, Aldo Fiori, Laura Foglia, Keirnan Fowler, Boris Gartsman, Simon Gascoin, Eric Gaume, Alexander Gelfan, Josie Geris, Shervan Gharari, Tom Gleeson, Miriam Glendell, Alena Gonzalez Bevacqua, María P González-Dugo, Salvatore Grimaldi, A B Gupta, Björn Guse, Dawei Han, David Hannah, Adrian Harpold, Stefan Haun, Kate Heal, Kay Helfricht, Mathew Herrnegger, Matthew Hipsey, Hana Hlaváčiková, Clara Hohmann, Ladislav Holko, Christopher Hopkinson, Markus Hrachowitz, Tissa H Illangasekare, Azhar Inam, Camyla Innocente, Erkan Istanbulluoglu, Ben Jarihani, Zahra Kalantari, Andis Kalvans, Sonu Khanal, Sina Khatami, Jens Kiesel, James W Kirchner, Mike Kirkby, Wouter Knoben, Krzysztof Kochanek, Silvia Kohnová, Alla Kolechkina, Stefan Krause, David Kreamer, Heidi Kreibich, Harald Kunstmann, Holger Lange, Margarida L R Liberato, Eric Lindquist, Timothy Link, Junguo Liu, Daniel Peter Loucks, Charles Luce, Claire Lupton, Gil Mahé, Olga Makarieva, Julien Malard, Josep Mas-Pla, Shamshagul Mashtayeva, Shreedhar Maskey, Maria Mavrova-Guirguinova, Maurizio Mazzoleni, Jeffrey J McDonnell, Sebastian Mernild, Bruce Dudley Misstear, Alberto Montanari, Hannes Müller-Thomy, Alireza Nabizadeh, Fernando Nardi, Christopher Neale, Nataliia Nesterova, Bakhram Nurtaev, Vincent O Odongo, Subhabrata Panda, Saket Pande, Zhonghe Pang, Georgia Papacharalampous, Charles Perrin, Laurent Pfister, Rafael Pimentel, María J Polo, David Post, Cristina Prieto Sierra, Maria-Helena Ramos, Maik Renner, José Eduardo Reynolds, Elena Ridolfi, Riccardo Rigon, Monica Riva, David E Robertson, Renzo Rosso, Tirthankar Roy, Josè Salinas, Gianfausto Salvadori, Mel Sandells, Hubert H G Savenije, Bettina Schaefli, Andreas Schumann, Anna Scolobig, Jan Seibert, Eric Servat, Mojtaba Shafiei, Ashish Sharma, Moussa Sidibe, Roy C Sidle, Murugesu Sivapalan, Thomas Skaugen, Hugh Smith, Sabine M Spiessl, Lina Stein, Ingelin Steinsland, Ulrich Strasser, Christine Stumpp, Bob Su, Jan Szolgay, Borbála Széles, João H M Sá, David Tarboton, Flavia Tauro, Guillaume Thirel, Fuqiang Tian, Rui Tong, Elena Toth, Kamshat Tussupova, Hristos Tyralis, Remko Uijlenhoet, Jean-Philippe Vidal, Alberto Viglione, Elena Volpi, Sergiy Vorogushyn, Przemyslaw Wachniew, Andrew J Wade, Philip Ward, Ida K Westerberg, Christopher White, Eric F Wood, Ross Woods, Zongxue Xu, Koray K Yilmaz, Yongqiang Zhang, Felipe P J de Barros, Gerrit de Rooij, Rens van Beek, Anne F van Loon, Ilja van Meerveld, Ronald van Nooijen, Pieter R van Oel, Ruud J van der Ent, Martine van der Ploeg, Jana von Freyberg",Hydrological Sciences Journal,64,10,p1141 - p1158,2019,10.1080/02626667.2019.1620507,02-Jul-2019,https://doi.org/10.1080/02626667.2019.1620507,93625.0,617.0
"Managing budgetary uncertainty, interpreting policy. How researchers integrate ""grand challenges"" funding programs into their research agendas",Wolfgang Kaltenbrunner,Journal of Responsible Innovation,7,3,p320 - p341,2020,10.1080/23299460.2020.1744401,03-Apr-2020,https://doi.org/10.1080/23299460.2020.1744401,2837.0,22.0
Meet the neighbor: framing the European Union and African Union perspectives on the Farm to Fork goals,"Mario Amato, Jeroen J L Candel, Rossella Palmieri, Fabio Verneau",Agroecology and Sustainable Food Systems,,,p1 - p25,5187,10.1080/21683565.2024.2442670,22-Dec-2024,https://doi.org/10.1080/21683565.2024.2442670,104.0,0.0
Nano bio-polymeric sintered capillary tubes for enhanced lead removal from water: a comparative study of performance and fluid dynamics,"Chinenye Adaobi Igwegbe, Kenechukwu Keluo Onyechi",Environmental Technology,,,p1 - p17,5187,10.1080/09593330.2025.2479710,27-Mar-2025,https://doi.org/10.1080/09593330.2025.2479710,112.0,0.0
"Who cares about carbon dioxide removal? Assessing actors, policy positions, and participation modes within European and United Nations public consultation processes","Livia Fritz, Lucilla Losi, Benjamin K Sovacool",Climate Policy,,,p1 - p16,5187,10.1080/14693062.2025.2485204,04-Apr-2025,https://doi.org/10.1080/14693062.2025.2485204,989.0,0.0
The 'Wellbeing Wardrobe' as a tool to promote just transitions in the fashion and textile industry,"Taylor Brydges, Mariangela Lavanga, Rhiannon Pugh, Monique Retamal, Samantha Sharpe",Contemporary Social Science,19,1-3,p223 - p243,2024,10.1080/21582041.2024.2341143,29-Apr-2024,https://doi.org/10.1080/21582041.2024.2341143,1917.0,5.0
Biofuel production from Macroalgae: present scenario and future scope,"Amit Kumar Bajhaiya, Poornachander Gugulothu, Rajesh Banu J, Dinesh Kumar M, Arulazhagan Pugazhendi, Godvin Sharmila V",Bioengineered,12,2,p9216 - p9238,2021,10.1080/21655979.2021.1996019,24-Nov-2021,https://doi.org/10.1080/21655979.2021.1996019,8078.0,78.0
Insect-based industrial symbiosis: Navigating deep-scaling barriers through holistic biomimicry,Cecilia Padula,The Design Journal,28,2,p300 - p309,2025,10.1080/14606925.2024.2423483,04-Nov-2024,https://doi.org/10.1080/14606925.2024.2423483,139.0,1.0
An optimization model minimizing costs of fertilizer application in Flemish horticulture,"Jan Leenknegt, Erik Mathijs, Erik Meers, Liesbet Vranken, Anke de Dobbelaere, Erika de Keyser",International Journal of Agricultural Sustainability,21,1,,2023,10.1080/14735903.2023.2184572,17-Mar-2023,https://doi.org/10.1080/14735903.2023.2184572,2766.0,3.0
Biotechnology and Biodefense Enterprise: An Industry Perspective on Defence Acquisition,"Donna Boston, Eric Du, Gene Olinger, Kenneth B Yeh","Global Security: Health, Science and Policy",7,1,p37 - p43,2022,10.1080/23779497.2022.2102527,27-Jul-2022,https://doi.org/10.1080/23779497.2022.2102527,2206.0,3.0
Impacts of service buyer management on contractor profitability and satisfaction - a Swedish case study,"Emanuel Erlandsson, Dag Fjeld",International Journal of Forest Engineering,28,3,p148 - p156,2017,10.1080/14942119.2017.1367235,24-Aug-2017,https://doi.org/10.1080/14942119.2017.1367235,494.0,5.0
"Effects of different levels of Hermetia illucens larvae meal on performance, egg quality, yolk fatty acid composition and oxidative status of laying hens","Jifa Chen, Changqing He, Xin Liu, Xu Liu, Yi Qi, Xiangyong Qu, Xingju Wang, Bing Xiao, Kailai Xie, Yaling Yao",Italian Journal of Animal Science,20,1,p256 - p266,2021,10.1080/1828051x.2021.1878946,09-Feb-2021,https://doi.org/10.1080/1828051x.2021.1878946,4340.0,22.0
"Violence and Illegal Deforestation: The Crimes of ""Environmental Militias"" in the Amazon Forest","Marcelo Fetz, Nataly Sousa Pinho, Luiz Enrique Vieira de Souza, Bruna Pastro Zagatto",Capitalism Nature Socialism,33,2,p5 - p25,2022,10.1080/10455752.2021.1980817,12-Nov-2021,https://doi.org/10.1080/10455752.2021.1980817,2461.0,14.0
Buckwheat: an underutilized crop with attractive sensory qualities and health benefits,"Karin Gerhardt, Martin Knicky, Karin Wendin, Galia Zamaratskaia",Critical Reviews in Food Science and Nutrition,64,33,p12303 - p12318,2024,10.1080/10408398.2023.2249112,28-Aug-2023,https://doi.org/10.1080/10408398.2023.2249112,6315.0,11.0
Abnormality as Accumulation Strategy: Orienting Embryos to Capital,Juliane Collard,Annals of the American Association of Geographers,111,1,p105 - p120,2021,10.1080/24694452.2020.1752138,01-Jun-2020,https://doi.org/10.1080/24694452.2020.1752138,377.0,3.0
A comprehensive review of postharvest quality and non-thermal preservation techniques for functional mushrooms,"Pramod P Aradwad, T V Arun Kumar, N Parvathy Nayana, C S Ramya, Pramod Kumar Sahoo, Anamika Thakur",Critical Reviews in Food Science and Nutrition,,,p1 - p13,5187,10.1080/10408398.2024.2448211,03-Jan-2025,https://doi.org/10.1080/10408398.2024.2448211,198.0,0.0
How the living shapes markets: accounting for the action of biological entities in market agencing,"Quentin Chance, Frédéric Goulet, Ronan le Velly",Journal of Cultural Economy,16,4,p529 - p543,2023,10.1080/17530350.2023.2199422,08-Jun-2023,https://doi.org/10.1080/17530350.2023.2199422,252.0,2.0
Unlocking the potential of shellfish biomass: refining protein extraction from Baltic blue mussels for sustainable food applications,"Indrek Adler, Jonne Kotta, Helen Orav Kotta, Rando Tuvikene",Cogent Food & Agriculture,10,1,,2024,10.1080/23311932.2024.2405880,22-Sep-2024,https://doi.org/10.1080/23311932.2024.2405880,562.0,1.0
Clusters and Industry 4.0 - do they fit together?,"Marta Götz, Barbara Jankowska",European Planning Studies,25,9,p1633 - p1653,2017,10.1080/09654313.2017.1327037,16-May-2017,https://doi.org/10.1080/09654313.2017.1327037,3177.0,139.0
"Environmental customer demands and (forest) governance: evaluating market relations, knowledge networks and positionalities",Moritz Albrecht,"Geografiska Annaler: Series B, Human Geography",100,1,p42 - p60,2018,10.1080/04353684.2017.1379032,22-Sep-2017,https://doi.org/10.1080/04353684.2017.1379032,142.0,3.0
Politics of public interest: Finnish forest capital's strategy in the Kaipola paper mill shutdown,"Ville Kellokumpu, Heikki Sirviö","Geografiska Annaler: Series B, Human Geography",104,4,p341 - p361,2022,10.1080/04353684.2021.2025412,17-Jan-2022,https://doi.org/10.1080/04353684.2021.2025412,1531.0,0.0
Robotic timber milling: accuracy assessment for construction applications and comparison to a CNC-machine,"Benjamin Kromoser, Marc Pantscharowitsch",Wood Material Science & Engineering,20,3,p580 - p596,2025,10.1080/17480272.2024.2366487,02-Jul-2024,https://doi.org/10.1080/17480272.2024.2366487,528.0,0.0
Fostering public awareness of scientific research in the microalgae industry through a comic book,"Maria J Chapela, Celina Costas, Paula Fajardo, Martiña Ferreira, Xulia Pisón, J M Vilariño",Applied Phycology,6,1,p1 - p17,2025,10.1080/26388081.2025.2475283,04-Apr-2025,https://doi.org/10.1080/26388081.2025.2475283,552.0,0.0
Biocultures: a critical approach to mundane biomedical governance,"Nadine Ehlers, Shiloh Krupar","Culture, Theory and Critique",61,4,p440 - p456,2020,10.1080/14735784.2020.1857810,04-Jan-2021,https://doi.org/10.1080/14735784.2020.1857810,555.0,8.0
News and Views,,Scandinavian Journal of Forest Research,33,7,p724 - p727,2018,10.1080/02827581.2018.1512188,15-Aug-2018,https://doi.org/10.1080/02827581.2018.1512188,90.0,3.0
Active pharmaceutical ingredient (API) chemicals: a critical review of current biotechnological approaches,"Mukesh Kumar Awasthi, Vasudha Bansal, Parameswaran Binod, Manoj Kumar, Vinod Kumar, Aravind Madhavan, Saurabh Saran, Raveendran Sindhu",Bioengineered,13,2,p4309 - p4327,2022,10.1080/21655979.2022.2031412,08-Feb-2022,https://doi.org/10.1080/21655979.2022.2031412,13450.0,44.0
Transesterification of vegetable oils into biodiesel by an immobilized lipase: a review,"Abolle Abollé, Kouassi Esaie Kouadio Appiah, Kouassi Konan Edmond, Yao Kouassi Benjamin, Akossi Moya Joëlle Carole",Biofuels,14,10,p1087 - p1101,2023,10.1080/17597269.2023.2203433,01-May-2023,https://doi.org/10.1080/17597269.2023.2203433,316.0,6.0
TAD 4:1 Issue PDF,,Technology|Architecture + Design,4,1,p1 - p126,2020,10.1080/24751448.2020.1748410,14-Apr-2020,https://doi.org/10.1080/24751448.2020.1748410,425.0,0.0
Plenary lectures,,European Journal of Phycology,59,sup1,s32 - s133,2024,10.1080/09670262.2024.2317018,02-Apr-2024,https://doi.org/10.1080/09670262.2024.2317018,131.0,0.0
"Crossing Oceans: Testimonial Theatre, Filipina Migrant Labor, Empathy, and Engagement","Caleb Johnston, Geraldine Pratt",GeoHumanities,3,2,p279 - p291,2017,10.1080/2373566x.2016.1278178,21-Feb-2017,https://doi.org/10.1080/2373566x.2016.1278178,2463.0,11.0
"A Care-Based Approach to Transformative Change: Ethically-Informed Practices, Relational Response-Ability & Emotional Awareness","Alex Franklin, Angela Moriggi, Dirk Roep, Katriina Soini","Ethics, Policy & Environment",23,3,p281 - p298,2020,10.1080/21550085.2020.1848186,22-Dec-2020,https://doi.org/10.1080/21550085.2020.1848186,10790.0,43.0
Data Hugging in European Biobank Networks,Aaro Tupasela,Science as Culture,30,4,p513 - p534,2021,10.1080/09505431.2021.1949274,07-Jul-2021,https://doi.org/10.1080/09505431.2021.1949274,1866.0,9.0
The coming community. The politics of alternative food networks in Southern Italy,"Adam Arvidsson, Alex Giordano, Vincenzo Luise",Journal of Marketing Management,34,7-8,p620 - p638,2018,10.1080/0267257x.2018.1480519,14-Jun-2018,https://doi.org/10.1080/0267257x.2018.1480519,580.0,10.0
Plantationocene: A Vegetal Geography,Maan Barua,Annals of the American Association of Geographers,113,1,p13 - p29,2023,10.1080/24694452.2022.2094326,25-Aug-2022,https://doi.org/10.1080/24694452.2022.2094326,9340.0,33.0
The Gene Editing Business: Rent Extraction in the Biotech Industry,"Erica Borg, Amedeo Policante",Review of Political Economy,,,p1 - p36,5187,10.1080/09538259.2024.2401480,24-Oct-2024,https://doi.org/10.1080/09538259.2024.2401480,1913.0,0.0
Land-use policy instruments for sustainable housing: insights from municipality planners in Finland,"Pia Bäcklund, Liina Häyrinen, Vesa Kanninen, Atte Koskivaara, Katja Lähtinen, Nicki Malm","Urban, Planning and Transport Research",12,1,,2024,10.1080/21650020.2024.2319714,21-Feb-2024,https://doi.org/10.1080/21650020.2024.2319714,866.0,0.0
Recoating performance of fresh and weathered wood surfaces through atmospheric dielectric barrier discharge plasma activation,"Janez Kovač, Matjaž Pavlič, Aleš Straže, Jure Žigon",Wood Material Science & Engineering,,,p1 - p16,5187,10.1080/17480272.2025.2470381,03-Mar-2025,https://doi.org/10.1080/17480272.2025.2470381,385.0,0.0
Database as an Experiment: Parataxonomy of Medicinal Plants as Intellectual Property in India,Moe Nakazora,"East Asian Science, Technology and Society: An International Journal",17,1,p50 - p70,2023,10.1080/18752160.2022.2075664,14-Jun-2022,https://doi.org/10.1080/18752160.2022.2075664,275.0,2.0
Multifunctionality of agriculture products: towards collaborative policy guidelines on sustainable agro-related fuel development,Thaddeus Manu,Biofuels,8,4,p445 - p457,2017,10.1080/17597269.2017.1278930,23-Jan-2017,https://doi.org/10.1080/17597269.2017.1278930,117.0,1.0
Institutional and policy frameworks shaping the wooden multi-storey construction markets: a comparative case study on Austria and Finland,"Alice Ludvig, Ritva Toivonen, Anne Toppinen, Heini Vihemäki, Gerhard Weiss",Wood Material Science & Engineering,14,5,p312 - p324,2019,10.1080/17480272.2019.1641741,15-Jul-2019,https://doi.org/10.1080/17480272.2019.1641741,1317.0,35.0
Key drivers and obstacles for performance among forest harvesting service contractors - a qualitative case study from Sweden,"Emanuel Erlandsson, Malin Johansson, Thomas Kronholm, Ola Lindroos",Scandinavian Journal of Forest Research,36,7-8,p598 - p613,2021,10.1080/02827581.2021.1981431,27-Sep-2021,https://doi.org/10.1080/02827581.2021.1981431,1745.0,6.0
Placelessness of urban design and industrial branding in small town planning,"Moritz Albrecht, Jarmo Kortelainen",Journal of Urban Design,26,4,p405 - p421,2021,10.1080/13574809.2021.1877536,27-Jan-2021,https://doi.org/10.1080/13574809.2021.1877536,5266.0,8.0
Bioactive and agroindustrial potential of Amazonian fruit species: a review,"Liceth Natalia Cuéllar Álvarez, Juliana María García-Chacón, M Lourdes González-Miret, Francisco J Heredia",Cogent Food & Agriculture,11,1,,2025,10.1080/23311932.2025.2451062,15-Jan-2025,https://doi.org/10.1080/23311932.2025.2451062,1293.0,0.0
Planning for wooden multistorey construction - insights from Finland's municipal civil servants,"Sami Berghäll, Florencia Franzini, Ritva Toivonen, Anne Toppinen",European Planning Studies,31,1,p168 - p188,2023,10.1080/09654313.2022.2116271,30-Aug-2022,https://doi.org/10.1080/09654313.2022.2116271,1278.0,3.0
A Bayesian network approach to modelling land-use decisions under environmental policy incentives in the Brazilian Amazon,"Lisa Biber-Freudenberger, Jan Börner, Nathália Nascimento, Jean Ometto, Eráclito R de Sousa-Neto, Thales A P West",Journal of Land Use Science,15,2-3,p127 - p141,2020,10.1080/1747423x.2019.1709223,30-Dec-2019,https://doi.org/10.1080/1747423x.2019.1709223,2275.0,16.0
Microalgae as an emerging alternative raw material of docosahexaenoic acid and eicosapentaenoic acid - a review,"Nisha Das, Abhishek Guldhe, Manish Kumar, Preeti Mehta Kakkar, Ranjan Kumar Mohapatra, Manoranjan Nayak, Sudheer Pamidimarri, Tanishka Sharma, Ravi Kant Singh",Critical Reviews in Food Science and Nutrition,,,p1 - p20,5187,10.1080/10408398.2025.2486267,06-Apr-2025,https://doi.org/10.1080/10408398.2025.2486267,228.0,3.0
Investing in the single market? Core-periphery dynamics and the hybrid governance of supranational investment policies,"Daniel Mertens, Matthias Thiemann",Journal of European Integration,44,1,p81 - p97,2022,10.1080/07036337.2021.2011261,07-Feb-2022,https://doi.org/10.1080/07036337.2021.2011261,590.0,5.0
When Color Really Matters: Horticultural Performance and Functional Quality of High-Lycopene Tomatoes,"Chafik Hdider, Riadh Ilahy, Marcello Salvatore Lenucci, Anna Montefusco, Gabriella Piro, Mohammed Wasim Siddiqui, Imen Tlili",Critical Reviews in Plant Sciences,37,1,p15 - p53,2018,10.1080/07352689.2018.1465631,15-May-2018,https://doi.org/10.1080/07352689.2018.1465631,897.0,35.0
Agri-Food and Rural Development: Sustainable Place-Making,Charles A Francis,Agroecology and Sustainable Food Systems,42,7,p838 - p839,2018,10.1080/21683565.2018.1426671,16-Jan-2018,https://doi.org/10.1080/21683565.2018.1426671,120.0,0.0
Co-developing sustainability - a consumer-inclusive approach to wooden housing business in Finland,"Minna Autio, Viktor Harvio, Ulrika Holmberg, Eliisa Kylkilahti, Anne Toppinen",Housing Studies,39,5,p1219 - p1238,2024,10.1080/02673037.2022.2114592,09-Sep-2022,https://doi.org/10.1080/02673037.2022.2114592,1356.0,4.0
Securing Anticipatory Geographies: Finland's Arctic Strategy and the Geopolitics of International Competitiveness,Vesa Väätänen,Geopolitics,26,2,p615 - p638,2021,10.1080/14650045.2019.1580267,22-Feb-2019,https://doi.org/10.1080/14650045.2019.1580267,963.0,7.0
Drivers and Barriers for Commercial Uptake of Edible Coatings for Fresh Fruits and Vegetables Industry- A Review,"Liza Cloete, Mohammad Naushad Emmambux, Hudaa Neetoo, Carene Picot-Allain, Brinda Ramasawmy, Deena Ramful-Baboolall",Food Reviews International,39,6,p3481 - p3514,2023,10.1080/87559129.2021.2012795,03-Jan-2022,https://doi.org/10.1080/87559129.2021.2012795,584.0,9.0
Smart Specialisation strategies on the periphery: a data-triangulation approach to governance issues and practices,"Stefano Ghinoi, Robert Hassink, Teemu Makkonen, Bodo Steiner",Regional Studies,55,3,p402 - p413,2021,10.1080/00343404.2020.1791321,06-Aug-2020,https://doi.org/10.1080/00343404.2020.1791321,5257.0,23.0
Emerging Technologies and the Future of CBRN Terrorism,Gregory D Koblentz,The Washington Quarterly,43,2,p177 - p196,2020,10.1080/0163660x.2020.1770969,16-Jun-2020,https://doi.org/10.1080/0163660x.2020.1770969,3708.0,20.0
Consumer Movements Confronted by Naturalness in Gene Editing in Japan,Yoshiki Otsuka,"East Asian Science, Technology and Society: An International Journal",15,1,p24 - p45,2021,10.1080/18752160.2021.1877442,30-Mar-2021,https://doi.org/10.1080/18752160.2021.1877442,519.0,7.0
Human-centric artificial intelligence architecture for industry 5.0 applications,"Ruben Alonso, Nino Cauli, Blaž Fortuna, Thanassis Giannetsos, Klemen Kenda, Dimosthenis Kyriazis, Antonello Meloni, Sofia Anna Menesidou, Dunja Mladenić, Inna Novalija, Dimitrios Papamartzivanos, Diego Reforgiato Recupero, Jože M Rožanec, Georgios Sofianidis, John Soldatos, Sungho Suh, Hooman Tavakoli Ghinani, Spyros Theodoropoulos, Entso Veliou, Patrik Zajec",International Journal of Production Research,61,20,p6847 - p6872,2023,10.1080/00207543.2022.2138611,07-Nov-2022,https://doi.org/10.1080/00207543.2022.2138611,18415.0,132.0
JAE 78:2 Issue PDF,,Journal of Architectural Education,78,2,pi-265 - pi-648,2024,10.1080/10464883.2024.2406144,09-Oct-2024,https://doi.org/10.1080/10464883.2024.2406144,262.0,0.0
Purification of glycerol and its conversion to value-added chemicals: A review,"Ajay Kumar Dalai, Ravi Dhabhai, Qian Huang, Parvaneh Koranian, Dylan S B Scheibelhoffer",Separation Science and Technology,58,7,p1383 - p1402,2023,10.1080/01496395.2023.2189054,15-Mar-2023,https://doi.org/10.1080/01496395.2023.2189054,991.0,20.0
Microfluidic production of mRNA-loaded lipid nanoparticles for vaccine applications,"Joana Cristóvão, Pedro Fonte, Paulo Roque Lino, Carolina Lopes, Vânia Silvério",Expert Opinion on Drug Delivery,19,10,p1381 - p1395,2022,10.1080/17425247.2022.2135502,20-Oct-2022,https://doi.org/10.1080/17425247.2022.2135502,10858.0,41.0
Data-driven intimacy: emerging technologies in the (re)making of sexual subjects and 'healthy' sexuality,"Jacinthe Flore, Kiran Pienaar",Health Sociology Review,29,3,p279 - p293,2020,10.1080/14461242.2020.1803101,10-Aug-2020,https://doi.org/10.1080/14461242.2020.1803101,1501.0,28.0
Consumers' perceptions on the properties of wood affecting their willingness to live in and prejudices against houses made of timber,"Charlotta Harju, Katja Lähtinen, Anne Toppinen",Wood Material Science & Engineering,14,5,p325 - p331,2019,10.1080/17480272.2019.1615548,20-May-2019,https://doi.org/10.1080/17480272.2019.1615548,1347.0,53.0
"Synthesis, Modification, and Applications of Poly(vinyl chloride) (PVC)","Muna Bufaroosha, Great Iruoghene Edo, Ahmed K Hussein, Malath K Rasheed, Huzaifa Umar, Emad Yousif",Polymer-Plastics Technology and Materials,64,5,p593 - p632,2025,10.1080/25740881.2024.2421436,01-Nov-2024,https://doi.org/10.1080/25740881.2024.2421436,599.0,5.0
Narratives for personal and collective transformations,"Hans-Liudger Dienel, Jonas Fahlbusch, Toshio Kawai, Ortwin Renn, Regina Renn",Innovation: The European Journal of Social Science Research,36,1,p1 - p10,2023,10.1080/13511610.2022.2137108,25-Dec-2022,https://doi.org/10.1080/13511610.2022.2137108,1829.0,1.0
Microalgae cultivation using ammonia and carbon dioxide concentrations typical of pig barns,"Gary Anderson, Kyungnan Min, Augustina Osabutey, Ercan Simsek, Seyit Uguz, Xufei Yang, Mete Yilmaz",Environmental Technology,45,27,p5899 - p5911,2024,10.1080/09593330.2024.2311082,07-Feb-2024,https://doi.org/10.1080/09593330.2024.2311082,322.0,1.0
"Biodigital philosophy, supercomputing and technological convergence in the Quantum Age",Michael A Peters,Educational Philosophy and Theory,55,14,p1628 - p1641,2023,10.1080/00131857.2022.2098716,22-Jul-2022,https://doi.org/10.1080/00131857.2022.2098716,1789.0,0.0
News and Views,,Scandinavian Journal of Forest Research,34,5,p405 - p408,2019,10.1080/02827581.2019.1618654,28-May-2019,https://doi.org/10.1080/02827581.2019.1618654,64.0,0.0
"The epistemic and the political - the play of measuring, managing, and governing ecosystems through woodland key habitats","Gisle Andersen, Monika Berg, Hogne Sataoen",Environmental Sociology,,,p1 - p14,5187,10.1080/23251042.2025.2507273,26-May-2025,https://doi.org/10.1080/23251042.2025.2507273,178.0,0.0
Manufacturing displacement. Externalization and postcoloniality in European migration control,Martin Lemberg-Pedersen,Global Affairs,5,3,p247 - p271,2019,10.1080/23340460.2019.1683463,04-Nov-2019,https://doi.org/10.1080/23340460.2019.1683463,1539.0,57.0
Satellite-based mapping of canopy fuels at the pan-European scale,"Núria Aquilué, Brigite Botequim, Adrian Cardil, José Ramón González-Olabarria, Juan Guerra-Hernández, Marius Hauglin, Erico Kutchartt, Olivier Martin-Ducup, Leónia Nunes, Palaiologos Palaiologou, Francois Pimont, Francesco Pirotti, Martino Rogai, Ana Catarina Sequeira, Antoni Trasobares, Vassil Vassilev",Geo-spatial Information Science,,,p1 - p29,5187,10.1080/10095020.2024.2429376,20-Dec-2024,https://doi.org/10.1080/10095020.2024.2429376,1463.0,1.0
Pectin-based composites: a promising approach for tissue engineering and wound healing,"Deepak A., Bassam M Abualsoud, Abdulhakeem S Alamri, Majid Alhomrani, Walaa F Alsanie, Lalji Baldaniya, S Renuka Jyothi, Aditya Kashyap, Pankaj Nainwal, P Grace Kanmani Prince",International Journal of Polymeric Materials and Polymeric Biomaterials,,,p1 - p28,5187,10.1080/00914037.2025.2498449,15-May-2025,https://doi.org/10.1080/00914037.2025.2498449,78.0,0.0
Promoting neoliberal ideology in Finnish rural community development: the creation of new moral actors,"Hanna-Mari Husu, Kaisu Kumpulainen",Local Government Studies,45,6,p893 - p912,2019,10.1080/03003930.2019.1635015,01-Jul-2019,https://doi.org/10.1080/03003930.2019.1635015,482.0,1.0
Saving embryos in stem cell science and embryo adoption,Risa Cromer,New Genetics and Society,37,4,p362 - p386,2018,10.1080/14636778.2018.1546574,20-Dec-2018,https://doi.org/10.1080/14636778.2018.1546574,3606.0,23.0
"A market in the making: the past, present and future of direct-to-consumer genomics","Stuart Hogarth, Paula Saukko",New Genetics and Society,36,3,p197 - p208,2017,10.1080/14636778.2017.1354692,03-Aug-2017,https://doi.org/10.1080/14636778.2017.1354692,11197.0,36.0
"Harnessing biodigestion for sustainable energy: agricultural residues utilization in Malambo, Colombia","Fabio Bermejo Altamar, Luis Ramirez-Polo, Fernando González Solano",Biofuels,,,p1 - p9,5187,10.1080/17597269.2024.2439727,22-Dec-2024,https://doi.org/10.1080/17597269.2024.2439727,32.0,0.0
Post-Communist Countries' Participation in Global Forums on Climate Action,"Mile Mišić, Jale Tosun",Problems of Post-Communism,69,4-5,p380 - p395,2022,10.1080/10758216.2021.1994423,23-Nov-2021,https://doi.org/10.1080/10758216.2021.1994423,251.0,8.0
Towards an integrative perspective on commercialised wild-gathered bamboo use: insights into the extraction of lung bamboo in the Vietnamese uplands,"S Benedikter, G Kapp, T Quoc Truong, M L Vasquez Coda",Australian Forestry,85,3,p116 - p132,2022,10.1080/00049158.2022.2137958,03-Nov-2022,https://doi.org/10.1080/00049158.2022.2137958,240.0,4.0
Productivity and profitability of harvesting overgrown roadside verges - a Swedish case study,"Dan Bergström, Marita Edlund, Raul Fernandez-Lacruz, Ola Lindroos",International Journal of Forest Engineering,32,1,p19 - p28,2021,10.1080/14942119.2020.1822664,03-Nov-2020,https://doi.org/10.1080/14942119.2020.1822664,1375.0,3.0
News and Views,,Scandinavian Journal of Forest Research,33,2,p202 - p205,2018,10.1080/02827581.2018.1424518,07-Jan-2018,https://doi.org/10.1080/02827581.2018.1424518,27.0,0.0
Recent trends in the biotechnology of functional non-digestible oligosaccharides with prebiotic potential,"Atul Rajkumar Chavan, Vaibhav Vilasrao Gujar, Rakesh Kumar Gupta, Anshuman Arun Khardenavis, Suraj Prabhakarrao Nakhate, Bhagyashri Jagdishprasad Poddar, Hemant J Purohit, Ashish Kumar Singh",Biotechnology and Genetic Engineering Reviews,,,p1 - p46,5187,10.1080/02648725.2022.2152627,30-Jan-2023,https://doi.org/10.1080/02648725.2022.2152627,874.0,11.0
Posters,,European Journal of Phycology,54,sup1,p1 - p109,2019,10.1080/09670262.2019.1626628,20-Aug-2019,https://doi.org/10.1080/09670262.2019.1626628,2232.0,0.0
Advanced Nanoparticles for Environmental Remediation of Emerging Pollutants: A Review,"Ekta Bhatt, Pammi Gauba, Aditi Raj",Soil and Sediment Contamination: An International Journal,,,p1 - p30,5187,10.1080/15320383.2024.2422387,29-Oct-2024,https://doi.org/10.1080/15320383.2024.2422387,151.0,0.0
Creating alternative future trajectories for carbon farming through a relational lens: pathways towards transformative social-ecological change in the European Union,"Susanna Barrineau, Thao Do, Neil Powell",Ecosystems and People,21,1,,2025,10.1080/26395916.2025.2461535,11-Feb-2025,https://doi.org/10.1080/26395916.2025.2461535,508.0,0.0
Sustainable transitions in Northern regional contexts,"Alexander Dodge, Asbjørn Karlsen, Jon P Knudsen, Jan Ole Rypestøl",Norsk Geografisk Tidsskrift - Norwegian Journal of Geography,78,3,p119 - p121,2024,10.1080/00291951.2024.2412975,06-Nov-2024,https://doi.org/10.1080/00291951.2024.2412975,249.0,0.0
International Solidarity in reproductive justice: surrogacy and gender-inclusive polymaternalism,Sophie Lewis,"Gender, Place & Culture",25,2,p207 - p227,2018,10.1080/0966369x.2018.1425286,18-Jan-2018,https://doi.org/10.1080/0966369x.2018.1425286,3005.0,41.0
The magical language of un-realistic venture ideas in social entrepreneurship,"Marieshka Barton, Pablo Muñoz",Entrepreneurship & Regional Development,35,1-2,p1 - p23,2023,10.1080/08985626.2022.2158492,16-Dec-2022,https://doi.org/10.1080/08985626.2022.2158492,3298.0,10.0
Building the airplane while flying it: tracking the transformation of novel sequencing practices into clinical services,"Simon Outram, Rayna Rapp",New Genetics and Society,41,3,p284 - p291,2022,10.1080/14636778.2022.2115351,01-Sep-2022,https://doi.org/10.1080/14636778.2022.2115351,589.0,1.0
"The UK's 100,000 Genomes Project: manifesting policymakers' expectations","Bobbie Farsides, Gabrielle Natalie Samuel",New Genetics and Society,36,4,p336 - p353,2017,10.1080/14636778.2017.1370671,06-Sep-2017,https://doi.org/10.1080/14636778.2017.1370671,4828.0,36.0
"Unique product quality considerations in vaccine development, registration and new program implementation in Malaysia","A Gamil, A Ab Ghani, R Jahis, Yvonne S K Khoo, A A Navamukundan",Human Vaccines & Immunotherapeutics,16,3,p530 - p538,2020,10.1080/21645515.2019.1667206,25-Oct-2019,https://doi.org/10.1080/21645515.2019.1667206,7289.0,23.0
The Recent Resurgence of Multiple-Use in the Swedish Forestry Discourse,"Therese Bjärstig, Erland Mårald, Jundan Jasmine Zhang",Society & Natural Resources,35,4,p430 - p446,2022,10.1080/08941920.2022.2025550,27-Jan-2022,https://doi.org/10.1080/08941920.2022.2025550,1764.0,6.0
Lactic acid bacteria: isolation-characterization approaches and industrial applications,"Sebnem Tellioglu Harsa, Haritha Meruvu",Critical Reviews in Food Science and Nutrition,63,26,p8337 - p8356,2023,10.1080/10408398.2022.2054936,29-Mar-2022,https://doi.org/10.1080/10408398.2022.2054936,2283.0,23.0
Adapting Critical Oral History Methodology to Freedom Movement Studies,"Geri Augusto, Wesley Hogan, Danita Mason-Hogans",The Oral History Review,49,2,p251 - p282,2022,10.1080/00940798.2022.2096473,05-Aug-2022,https://doi.org/10.1080/00940798.2022.2096473,630.0,1.0
Seeking commonalities of community resilience to natural hazards: A cluster analysis approach,"Jan Ketil Rød, Päivi Lujala, Tomasz Opach, Sabrina Scherzer",Norsk Geografisk Tidsskrift - Norwegian Journal of Geography,74,3,p181 - p199,2020,10.1080/00291951.2020.1753236,06-May-2020,https://doi.org/10.1080/00291951.2020.1753236,2886.0,21.0
Health Security Intelligence: engaging across disciplines and sectors,"Michael S Goodman, Filippa Lentzos, James M Wilson",Intelligence and National Security,35,4,p465 - p476,2020,10.1080/02684527.2020.1750166,22-Apr-2020,https://doi.org/10.1080/02684527.2020.1750166,10062.0,12.0
"Service logics and strategies of Swedish forestry in the structural shifts of forest ownership: challenging the ""old"" and shaping the ""new""","Elias Andersson, E Carina H Keskitalo",Scandinavian Journal of Forest Research,34,6,p508 - p520,2019,10.1080/02827581.2019.1604990,21-Apr-2019,https://doi.org/10.1080/02827581.2019.1604990,1672.0,15.0
The behaviour of suppliers and consumers in mandated markets: the introduction of the ethanol-petrol blend E10 in Germany,Jale Tosun,Journal of Environmental Policy & Planning,20,1,p1 - p15,2018,10.1080/1523908x.2017.1299624,15-Mar-2017,https://doi.org/10.1080/1523908x.2017.1299624,371.0,19.0
"Creation Stories: Reproductive Crisis and the ""Birth / Abortive"" of Science Fiction",Tobias Menely,European Romantic Review,35,1,p23 - p40,2024,10.1080/10509585.2024.2307131,28-Feb-2024,https://doi.org/10.1080/10509585.2024.2307131,325.0,0.0
Pre-modern epistemes inspiring a new Global Sociology of Education Imagination,Jordi Collet-Sabé,British Journal of Sociology of Education,44,8,p1249 - p1266,2023,10.1080/01425692.2023.2195089,28-Mar-2023,https://doi.org/10.1080/01425692.2023.2195089,518.0,3.0
Therapeutic mobilities,"Audrey Bochaton, Heidi Kaspar, Margaret Walton-Roberts",Mobilities,14,1,p1 - p19,2019,10.1080/17450101.2019.1565305,19-Feb-2019,https://doi.org/10.1080/17450101.2019.1565305,3908.0,45.0
Pathways from Deforestation to Restoration,"Julia Arieira, Diego Oliveira Brandão, Carlos Afonso Nobre",NACLA Report on the Americas,55,2,p124 - p131,2023,10.1080/10714839.2023.2213052,24-May-2023,https://doi.org/10.1080/10714839.2023.2213052,1627.0,3.0
Surrogate labour: exceptional for whom?,Bronwyn Parry,Economy and Society,47,2,p214 - p233,2018,10.1080/03085147.2018.1487180,25-Jul-2018,https://doi.org/10.1080/03085147.2018.1487180,4819.0,20.0
The European Union's Strategy for the Baltic Sea Region (EUSBSR): improving multilevel governance in Baltic Sea cooperation?,Stefan Gänzle,Journal of Baltic Studies,48,4,p407 - p420,2017,10.1080/01629778.2017.1305205,27-Apr-2017,https://doi.org/10.1080/01629778.2017.1305205,712.0,14.0
Compound Solutions: Pharmaceutical Alternatives for Global Health,"Susan Craddock, Gail Davies, Miranda Joseph, Abigail H Neely, Matthew Sparke",The AAG Review of Books,7,1,p47 - p58,2019,10.1080/2325548x.2019.1546034,15-Jan-2019,https://doi.org/10.1080/2325548x.2019.1546034,928.0,1.0
Beliefs on environmental impact of wood construction,"Elias Hurmekoski, Liina Häyrinen, Jaakko Jussila, Katja Lähtinen, Cecilia Mark-Herbert, Emil Nagy, Anders Roos, Ritva Toivonen, Anne Toppinen",Scandinavian Journal of Forest Research,38,1-2,p49 - p57,2023,10.1080/02827581.2023.2168043,23-Jan-2023,https://doi.org/10.1080/02827581.2023.2168043,2769.0,9.0
Reassessing forest products demand functions in Europe using a panel cointegration approach,"Olivier Damette, Paul Rougieux",Applied Economics,50,30,p3247 - p3270,2018,10.1080/00036846.2017.1420887,03-Jan-2018,https://doi.org/10.1080/00036846.2017.1420887,507.0,9.0
"Full Issue PDF Volume 6, Issue 1",,The AAG Review of Books,6,1,p1 - p75,2018,10.1080/2325548x.2018.1402289,12-Jan-2018,https://doi.org/10.1080/2325548x.2018.1402289,652.0,0.0
Life in transit: the work of hyper-mobile gamete couriers in vital mobility infrastructures,"Cal Volks, Andrea Whittaker",Mobilities,20,3,p345 - p360,2025,10.1080/17450101.2024.2429562,27-Nov-2024,https://doi.org/10.1080/17450101.2024.2429562,546.0,0.0
Abstracts of papers to be presented at the 11th International Phycological Congress,"Małgorzata Bąk, Przemysław Dąbek, David J Garbary, Andrzej Witkowski",Phycologia,56,sup4,p1 - p224,2017,10.2216/0031-8884-56.sp4.1,08-Mar-2019,https://doi.org/10.2216/0031-8884-56.sp4.1,227.0,2.0
"Full Issue PDF Volume 7, Issue 1",,The AAG Review of Books,7,1,p1 - p76,2019,10.1080/2325548x.2019.1545971,15-Jan-2019,https://doi.org/10.1080/2325548x.2019.1545971,284.0,0.0
2017 Spring Meeting of the WPSA UK Branch,,British Poultry Abstracts,13,1,p1 - p39,2017,10.1080/17466202.2017.1394641,04-Dec-2017,https://doi.org/10.1080/17466202.2017.1394641,1856.0,0.0
Poster Abstracts,,Biotechnology & Biotechnological Equipment,35,sup1,s62 - s128,2021,10.1080/13102818.2020.1871545,26-Feb-2021,https://doi.org/10.1080/13102818.2020.1871545,6198.0,3.0
Future Tense: Alternative Futures as a Design Method for Sustainability Transitions,"Corina Angheloiu, Goldie Chaudhuri, Leila Sheldrick",The Design Journal,20,sup1,s3213 - s3225,2017,10.1080/14606925.2017.1352827,06-Sep-2017,https://doi.org/10.1080/14606925.2017.1352827,3522.0,15.0
